scheduler,n,quorum,seed,k,steps,timeouts,decisions,retries,max_ballot
prob-interleaved-uniform-budget-delay,5,3,1,6,27,0,1,0,0
prob-interleaved-uniform-budget-delay,5,3,2,6,27,0,1,0,0
prob-interleaved-uniform-budget-delay,5,3,3,6,27,0,1,0,0
prob-interleaved-uniform-budget-delay,5,3,4,6,25,0,1,0,0
prob-interleaved-uniform-budget-delay,5,3,5,6,27,0,1,0,0
prob-interleaved-uniform-budget-delay,5,3,6,6,27,0,1,0,0
prob-interleaved-uniform-budget-delay,5,3,7,6,27,0,1,0,0
prob-interleaved-uniform-budget-delay,5,3,8,6,27,0,1,0,0
prob-interleaved-uniform-budget-delay,5,3,9,6,27,0,1,0,0
prob-interleaved-uniform-budget-delay,5,3,10,6,27,0,1,0,0
prob-interleaved-uniform-budget-delay,5,3,11,6,27,0,1,0,0
prob-interleaved-uniform-budget-delay,5,3,12,6,27,0,1,0,0
prob-interleaved-uniform-budget-delay,5,3,13,6,27,0,1,0,0
prob-interleaved-uniform-budget-delay,5,3,14,6,27,0,1,0,0
prob-interleaved-uniform-budget-delay,5,3,15,6,27,0,1,0,0
prob-interleaved-uniform-budget-delay,5,3,16,6,27,0,1,0,0
prob-interleaved-uniform-budget-delay,5,3,17,6,27,0,1,0,0
prob-interleaved-uniform-budget-delay,5,3,18,6,26,0,1,0,0
prob-interleaved-uniform-budget-delay,5,3,19,6,27,0,1,0,0
prob-interleaved-uniform-budget-delay,5,3,20,6,27,0,1,0,0
prob-interleaved-uniform-budget-delay,5,3,21,6,27,0,1,0,0
prob-interleaved-uniform-budget-delay,5,3,22,6,27,0,1,0,0
prob-interleaved-uniform-budget-delay,5,3,23,6,27,0,1,0,0
prob-interleaved-uniform-budget-delay,5,3,24,6,27,0,1,0,0
prob-interleaved-uniform-budget-delay,5,3,25,6,27,0,1,0,0
prob-interleaved-uniform-budget-delay,5,3,26,6,27,0,1,0,0
prob-interleaved-uniform-budget-delay,5,3,27,6,27,0,1,0,0
prob-interleaved-uniform-budget-delay,5,3,28,6,27,0,1,0,0
prob-interleaved-uniform-budget-delay,5,3,29,6,27,0,1,0,0
prob-interleaved-uniform-budget-delay,5,3,30,6,27,0,1,0,0
prob-interleaved-uniform-budget-delay,5,3,31,6,27,0,1,0,0
prob-interleaved-uniform-budget-delay,5,3,32,6,27,0,1,0,0
prob-interleaved-uniform-budget-delay,5,3,33,6,27,0,1,0,0
prob-interleaved-uniform-budget-delay,5,3,34,6,27,0,1,0,0
prob-interleaved-uniform-budget-delay,5,3,35,6,27,0,1,0,0
prob-interleaved-uniform-budget-delay,5,3,36,6,47,1,1,1,2
prob-interleaved-uniform-budget-delay,5,3,37,6,27,0,1,0,0
prob-interleaved-uniform-budget-delay,5,3,38,6,27,0,1,0,0
prob-interleaved-uniform-budget-delay,5,3,39,6,27,0,1,0,0
prob-interleaved-uniform-budget-delay,5,3,40,6,27,0,1,0,0
prob-interleaved-uniform-budget-delay,5,3,41,6,27,0,1,0,0
prob-interleaved-uniform-budget-delay,5,3,42,6,27,0,1,0,0
prob-interleaved-uniform-budget-delay,5,3,43,6,27,0,1,0,0
prob-interleaved-uniform-budget-delay,5,3,44,6,27,0,1,0,0
prob-interleaved-uniform-budget-delay,5,3,45,6,27,0,1,0,0
prob-interleaved-uniform-budget-delay,5,3,46,6,27,0,1,0,0
prob-interleaved-uniform-budget-delay,5,3,47,6,27,0,1,0,0
prob-interleaved-uniform-budget-delay,5,3,48,6,27,0,1,0,0
prob-interleaved-uniform-budget-delay,5,3,49,6,27,0,1,0,0
prob-interleaved-uniform-budget-delay,5,3,50,6,27,0,1,0,0
prob-interleaved-uniform-budget-delay,5,3,51,6,27,0,1,0,0
prob-interleaved-uniform-budget-delay,5,3,52,6,27,0,1,0,0
prob-interleaved-uniform-budget-delay,5,3,53,6,27,0,1,0,0
prob-interleaved-uniform-budget-delay,5,3,54,6,27,0,1,0,0
prob-interleaved-uniform-budget-delay,5,3,55,6,27,0,1,0,0
prob-interleaved-uniform-budget-delay,5,3,56,6,27,0,1,0,0
prob-interleaved-uniform-budget-delay,5,3,57,6,27,0,1,0,0
prob-interleaved-uniform-budget-delay,5,3,58,6,27,0,1,0,0
prob-interleaved-uniform-budget-delay,5,3,59,6,26,0,1,0,0
prob-interleaved-uniform-budget-delay,5,3,60,6,27,0,1,0,0
prob-interleaved-uniform-budget-delay,5,3,61,6,27,0,1,0,0
prob-interleaved-uniform-budget-delay,5,3,62,6,27,0,1,0,0
prob-interleaved-uniform-budget-delay,5,3,63,6,47,1,1,1,2
prob-interleaved-uniform-budget-delay,5,3,64,6,27,0,1,0,0
prob-interleaved-uniform-budget-delay,5,3,65,6,27,0,1,0,0
prob-interleaved-uniform-budget-delay,5,3,66,6,27,0,1,0,0
prob-interleaved-uniform-budget-delay,5,3,67,6,27,0,1,0,0
prob-interleaved-uniform-budget-delay,5,3,68,6,27,0,1,0,0
prob-interleaved-uniform-budget-delay,5,3,69,6,27,0,1,0,0
prob-interleaved-uniform-budget-delay,5,3,70,6,27,0,1,0,0
prob-interleaved-uniform-budget-delay,5,3,71,6,27,0,1,0,0
prob-interleaved-uniform-budget-delay,5,3,72,6,27,0,1,0,0
prob-interleaved-uniform-budget-delay,5,3,73,6,27,0,1,0,0
prob-interleaved-uniform-budget-delay,5,3,74,6,27,0,1,0,0
prob-interleaved-uniform-budget-delay,5,3,75,6,27,0,1,0,0
prob-interleaved-uniform-budget-delay,5,3,76,6,27,0,1,0,0
prob-interleaved-uniform-budget-delay,5,3,77,6,27,0,1,0,0
prob-interleaved-uniform-budget-delay,5,3,78,6,27,0,1,0,0
prob-interleaved-uniform-budget-delay,5,3,79,6,27,0,1,0,0
prob-interleaved-uniform-budget-delay,5,3,80,6,27,0,1,0,0
prob-interleaved-uniform-budget-delay,5,3,81,6,27,0,1,0,0
prob-interleaved-uniform-budget-delay,5,3,82,6,27,0,1,0,0
prob-interleaved-uniform-budget-delay,5,3,83,6,27,0,1,0,0
prob-interleaved-uniform-budget-delay,5,3,84,6,27,0,1,0,0
prob-interleaved-uniform-budget-delay,5,3,85,6,27,0,1,0,0
prob-interleaved-uniform-budget-delay,5,3,86,6,27,0,1,0,0
prob-interleaved-uniform-budget-delay,5,3,87,6,27,0,1,0,0
prob-interleaved-uniform-budget-delay,5,3,88,6,27,0,1,0,0
prob-interleaved-uniform-budget-delay,5,3,89,6,27,0,1,0,0
prob-interleaved-uniform-budget-delay,5,3,90,6,27,0,1,0,0
prob-interleaved-uniform-budget-delay,5,3,91,6,27,0,1,0,0
prob-interleaved-uniform-budget-delay,5,3,92,6,27,0,1,0,0
prob-interleaved-uniform-budget-delay,5,3,93,6,27,0,1,0,0
prob-interleaved-uniform-budget-delay,5,3,94,6,27,0,1,0,0
prob-interleaved-uniform-budget-delay,5,3,95,6,27,0,1,0,0
prob-interleaved-uniform-budget-delay,5,3,96,6,27,0,1,0,0
prob-interleaved-uniform-budget-delay,5,3,97,6,27,0,1,0,0
prob-interleaved-uniform-budget-delay,5,3,98,6,27,0,1,0,0
prob-interleaved-uniform-budget-delay,5,3,99,6,27,0,1,0,0
prob-interleaved-uniform-budget-delay,5,3,100,6,27,0,1,0,0
prob-interleaved-uniform-budget-delay,5,3,101,6,26,0,1,0,0
prob-interleaved-uniform-budget-delay,5,3,102,6,27,0,1,0,0
prob-interleaved-uniform-budget-delay,5,3,103,6,27,0,1,0,0
prob-interleaved-uniform-budget-delay,5,3,104,6,27,0,1,0,0
prob-interleaved-uniform-budget-delay,5,3,105,6,27,0,1,0,0
prob-interleaved-uniform-budget-delay,5,3,106,6,27,0,1,0,0
prob-interleaved-uniform-budget-delay,5,3,107,6,27,0,1,0,0
prob-interleaved-uniform-budget-delay,5,3,108,6,27,0,1,0,0
prob-interleaved-uniform-budget-delay,5,3,109,6,27,0,1,0,0
prob-interleaved-uniform-budget-delay,5,3,110,6,27,0,1,0,0
prob-interleaved-uniform-budget-delay,5,3,111,6,27,0,1,0,0
prob-interleaved-uniform-budget-delay,5,3,112,6,27,0,1,0,0
prob-interleaved-uniform-budget-delay,5,3,113,6,27,0,1,0,0
prob-interleaved-uniform-budget-delay,5,3,114,6,27,0,1,0,0
prob-interleaved-uniform-budget-delay,5,3,115,6,27,0,1,0,0
prob-interleaved-uniform-budget-delay,5,3,116,6,27,0,1,0,0
prob-interleaved-uniform-budget-delay,5,3,117,6,27,0,1,0,0
prob-interleaved-uniform-budget-delay,5,3,118,6,27,0,1,0,0
prob-interleaved-uniform-budget-delay,5,3,119,6,27,0,1,0,0
prob-interleaved-uniform-budget-delay,5,3,120,6,27,0,1,0,0
prob-interleaved-uniform-budget-delay,5,3,121,6,27,0,1,0,0
prob-interleaved-uniform-budget-delay,5,3,122,6,27,0,1,0,0
prob-interleaved-uniform-budget-delay,5,3,123,6,27,0,1,0,0
prob-interleaved-uniform-budget-delay,5,3,124,6,27,0,1,0,0
prob-interleaved-uniform-budget-delay,5,3,125,6,27,0,1,0,0
prob-interleaved-uniform-budget-delay,5,3,126,6,27,0,1,0,0
prob-interleaved-uniform-budget-delay,5,3,127,6,27,0,1,0,0
prob-interleaved-uniform-budget-delay,5,3,128,6,27,0,1,0,0
prob-interleaved-uniform-budget-delay,5,3,129,6,47,1,1,1,2
prob-interleaved-uniform-budget-delay,5,3,130,6,27,0,1,0,0
prob-interleaved-uniform-budget-delay,5,3,131,6,27,0,1,0,0
prob-interleaved-uniform-budget-delay,5,3,132,6,47,1,1,1,2
prob-interleaved-uniform-budget-delay,5,3,133,6,27,0,1,0,0
prob-interleaved-uniform-budget-delay,5,3,134,6,27,0,1,0,0
prob-interleaved-uniform-budget-delay,5,3,135,6,27,0,1,0,0
prob-interleaved-uniform-budget-delay,5,3,136,6,27,0,1,0,0
prob-interleaved-uniform-budget-delay,5,3,137,6,27,0,1,0,0
prob-interleaved-uniform-budget-delay,5,3,138,6,27,0,1,0,0
prob-interleaved-uniform-budget-delay,5,3,139,6,27,0,1,0,0
prob-interleaved-uniform-budget-delay,5,3,140,6,47,1,1,1,2
prob-interleaved-uniform-budget-delay,5,3,141,6,27,0,1,0,0
prob-interleaved-uniform-budget-delay,5,3,142,6,27,0,1,0,0
prob-interleaved-uniform-budget-delay,5,3,143,6,27,0,1,0,0
prob-interleaved-uniform-budget-delay,5,3,144,6,27,0,1,0,0
prob-interleaved-uniform-budget-delay,5,3,145,6,27,0,1,0,0
prob-interleaved-uniform-budget-delay,5,3,146,6,27,0,1,0,0
prob-interleaved-uniform-budget-delay,5,3,147,6,27,0,1,0,0
prob-interleaved-uniform-budget-delay,5,3,148,6,27,0,1,0,0
prob-interleaved-uniform-budget-delay,5,3,149,6,27,0,1,0,0
prob-interleaved-uniform-budget-delay,5,3,150,6,27,0,1,0,0
prob-interleaved-uniform-budget-delay,5,3,151,6,27,0,1,0,0
prob-interleaved-uniform-budget-delay,5,3,152,6,27,0,1,0,0
prob-interleaved-uniform-budget-delay,5,3,153,6,27,0,1,0,0
prob-interleaved-uniform-budget-delay,5,3,154,6,27,0,1,0,0
prob-interleaved-uniform-budget-delay,5,3,155,6,27,0,1,0,0
prob-interleaved-uniform-budget-delay,5,3,156,6,27,0,1,0,0
prob-interleaved-uniform-budget-delay,5,3,157,6,27,0,1,0,0
prob-interleaved-uniform-budget-delay,5,3,158,6,47,1,1,1,2
prob-interleaved-uniform-budget-delay,5,3,159,6,27,0,1,0,0
prob-interleaved-uniform-budget-delay,5,3,160,6,27,0,1,0,0
prob-interleaved-uniform-budget-delay,5,3,161,6,27,0,1,0,0
prob-interleaved-uniform-budget-delay,5,3,162,6,27,0,1,0,0
prob-interleaved-uniform-budget-delay,5,3,163,6,27,0,1,0,0
prob-interleaved-uniform-budget-delay,5,3,164,6,27,0,1,0,0
prob-interleaved-uniform-budget-delay,5,3,165,6,27,0,1,0,0
prob-interleaved-uniform-budget-delay,5,3,166,6,27,0,1,0,0
prob-interleaved-uniform-budget-delay,5,3,167,6,27,0,1,0,0
prob-interleaved-uniform-budget-delay,5,3,168,6,27,0,1,0,0
prob-interleaved-uniform-budget-delay,5,3,169,6,27,0,1,0,0
prob-interleaved-uniform-budget-delay,5,3,170,6,27,0,1,0,0
prob-interleaved-uniform-budget-delay,5,3,171,6,27,0,1,0,0
prob-interleaved-uniform-budget-delay,5,3,172,6,27,0,1,0,0
prob-interleaved-uniform-budget-delay,5,3,173,6,27,0,1,0,0
prob-interleaved-uniform-budget-delay,5,3,174,6,27,0,1,0,0
prob-interleaved-uniform-budget-delay,5,3,175,6,27,0,1,0,0
prob-interleaved-uniform-budget-delay,5,3,176,6,27,0,1,0,0
prob-interleaved-uniform-budget-delay,5,3,177,6,27,0,1,0,0
prob-interleaved-uniform-budget-delay,5,3,178,6,27,0,1,0,0
prob-interleaved-uniform-budget-delay,5,3,179,6,27,0,1,0,0
prob-interleaved-uniform-budget-delay,5,3,180,6,27,0,1,0,0
prob-interleaved-uniform-budget-delay,5,3,181,6,27,0,1,0,0
prob-interleaved-uniform-budget-delay,5,3,182,6,27,0,1,0,0
prob-interleaved-uniform-budget-delay,5,3,183,6,27,0,1,0,0
prob-interleaved-uniform-budget-delay,5,3,184,6,27,0,1,0,0
prob-interleaved-uniform-budget-delay,5,3,185,6,27,0,1,0,0
prob-interleaved-uniform-budget-delay,5,3,186,6,27,0,1,0,0
prob-interleaved-uniform-budget-delay,5,3,187,6,27,0,1,0,0
prob-interleaved-uniform-budget-delay,5,3,188,6,47,1,1,1,2
prob-interleaved-uniform-budget-delay,5,3,189,6,27,0,1,0,0
prob-interleaved-uniform-budget-delay,5,3,190,6,27,0,1,0,0
prob-interleaved-uniform-budget-delay,5,3,191,6,27,0,1,0,0
prob-interleaved-uniform-budget-delay,5,3,192,6,27,0,1,0,0
prob-interleaved-uniform-budget-delay,5,3,193,6,27,0,1,0,0
prob-interleaved-uniform-budget-delay,5,3,194,6,27,0,1,0,0
prob-interleaved-uniform-budget-delay,5,3,195,6,27,0,1,0,0
prob-interleaved-uniform-budget-delay,5,3,196,6,27,0,1,0,0
prob-interleaved-uniform-budget-delay,5,3,197,6,27,0,1,0,0
prob-interleaved-uniform-budget-delay,5,3,198,6,47,1,1,1,2
prob-interleaved-uniform-budget-delay,5,3,199,6,27,0,1,0,0
prob-interleaved-uniform-budget-delay,5,3,200,6,27,0,1,0,0
progress-aware-quorum-delay,5,3,1,6,27,0,1,0,0
progress-aware-quorum-delay,5,3,2,6,27,0,1,0,0
progress-aware-quorum-delay,5,3,3,6,27,0,1,0,0
progress-aware-quorum-delay,5,3,4,6,27,0,1,0,0
progress-aware-quorum-delay,5,3,5,6,27,0,1,0,0
progress-aware-quorum-delay,5,3,6,6,27,0,1,0,0
progress-aware-quorum-delay,5,3,7,6,47,1,1,1,2
progress-aware-quorum-delay,5,3,8,6,27,0,1,0,0
progress-aware-quorum-delay,5,3,9,6,27,0,1,0,0
progress-aware-quorum-delay,5,3,10,6,27,0,1,0,0
progress-aware-quorum-delay,5,3,11,6,27,0,1,0,0
progress-aware-quorum-delay,5,3,12,6,27,0,1,0,0
progress-aware-quorum-delay,5,3,13,6,27,0,1,0,0
progress-aware-quorum-delay,5,3,14,6,27,0,1,0,0
progress-aware-quorum-delay,5,3,15,6,27,0,1,0,0
progress-aware-quorum-delay,5,3,16,6,27,0,1,0,0
progress-aware-quorum-delay,5,3,17,6,27,0,1,0,0
progress-aware-quorum-delay,5,3,18,6,27,0,1,0,0
progress-aware-quorum-delay,5,3,19,6,27,0,1,0,0
progress-aware-quorum-delay,5,3,20,6,27,0,1,0,0
progress-aware-quorum-delay,5,3,21,6,27,0,1,0,0
progress-aware-quorum-delay,5,3,22,6,27,0,1,0,0
progress-aware-quorum-delay,5,3,23,6,27,0,1,0,0
progress-aware-quorum-delay,5,3,24,6,27,0,1,0,0
progress-aware-quorum-delay,5,3,25,6,27,0,1,0,0
progress-aware-quorum-delay,5,3,26,6,27,0,1,0,0
progress-aware-quorum-delay,5,3,27,6,27,0,1,0,0
progress-aware-quorum-delay,5,3,28,6,27,0,1,0,0
progress-aware-quorum-delay,5,3,29,6,27,0,1,0,0
progress-aware-quorum-delay,5,3,30,6,27,0,1,0,0
progress-aware-quorum-delay,5,3,31,6,27,0,1,0,0
progress-aware-quorum-delay,5,3,32,6,47,1,1,1,2
progress-aware-quorum-delay,5,3,33,6,27,0,1,0,0
progress-aware-quorum-delay,5,3,34,6,27,0,1,0,0
progress-aware-quorum-delay,5,3,35,6,27,0,1,0,0
progress-aware-quorum-delay,5,3,36,6,27,0,1,0,0
progress-aware-quorum-delay,5,3,37,6,27,0,1,0,0
progress-aware-quorum-delay,5,3,38,6,27,0,1,0,0
progress-aware-quorum-delay,5,3,39,6,27,0,1,0,0
progress-aware-quorum-delay,5,3,40,6,47,1,1,1,2
progress-aware-quorum-delay,5,3,41,6,27,0,1,0,0
progress-aware-quorum-delay,5,3,42,6,27,0,1,0,0
progress-aware-quorum-delay,5,3,43,6,27,0,1,0,0
progress-aware-quorum-delay,5,3,44,6,27,0,1,0,0
progress-aware-quorum-delay,5,3,45,6,27,0,1,0,0
progress-aware-quorum-delay,5,3,46,6,27,0,1,0,0
progress-aware-quorum-delay,5,3,47,6,27,0,1,0,0
progress-aware-quorum-delay,5,3,48,6,27,0,1,0,0
progress-aware-quorum-delay,5,3,49,6,27,0,1,0,0
progress-aware-quorum-delay,5,3,50,6,27,0,1,0,0
progress-aware-quorum-delay,5,3,51,6,27,0,1,0,0
progress-aware-quorum-delay,5,3,52,6,27,0,1,0,0
progress-aware-quorum-delay,5,3,53,6,27,0,1,0,0
progress-aware-quorum-delay,5,3,54,6,27,0,1,0,0
progress-aware-quorum-delay,5,3,55,6,27,0,1,0,0
progress-aware-quorum-delay,5,3,56,6,27,0,1,0,0
progress-aware-quorum-delay,5,3,57,6,27,0,1,0,0
progress-aware-quorum-delay,5,3,58,6,27,0,1,0,0
progress-aware-quorum-delay,5,3,59,6,27,0,1,0,0
progress-aware-quorum-delay,5,3,60,6,27,0,1,0,0
progress-aware-quorum-delay,5,3,61,6,27,0,1,0,0
progress-aware-quorum-delay,5,3,62,6,27,0,1,0,0
progress-aware-quorum-delay,5,3,63,6,27,0,1,0,0
progress-aware-quorum-delay,5,3,64,6,27,0,1,0,0
progress-aware-quorum-delay,5,3,65,6,27,0,1,0,0
progress-aware-quorum-delay,5,3,66,6,27,0,1,0,0
progress-aware-quorum-delay,5,3,67,6,27,0,1,0,0
progress-aware-quorum-delay,5,3,68,6,27,0,1,0,0
progress-aware-quorum-delay,5,3,69,6,27,0,1,0,0
progress-aware-quorum-delay,5,3,70,6,27,0,1,0,0
progress-aware-quorum-delay,5,3,71,6,27,0,1,0,0
progress-aware-quorum-delay,5,3,72,6,27,0,1,0,0
progress-aware-quorum-delay,5,3,73,6,27,0,1,0,0
progress-aware-quorum-delay,5,3,74,6,27,0,1,0,0
progress-aware-quorum-delay,5,3,75,6,27,0,1,0,0
progress-aware-quorum-delay,5,3,76,6,27,0,1,0,0
progress-aware-quorum-delay,5,3,77,6,27,0,1,0,0
progress-aware-quorum-delay,5,3,78,6,27,0,1,0,0
progress-aware-quorum-delay,5,3,79,6,27,0,1,0,0
progress-aware-quorum-delay,5,3,80,6,27,0,1,0,0
progress-aware-quorum-delay,5,3,81,6,27,0,1,0,0
progress-aware-quorum-delay,5,3,82,6,27,0,1,0,0
progress-aware-quorum-delay,5,3,83,6,27,0,1,0,0
progress-aware-quorum-delay,5,3,84,6,27,0,1,0,0
progress-aware-quorum-delay,5,3,85,6,27,0,1,0,0
progress-aware-quorum-delay,5,3,86,6,27,0,1,0,0
progress-aware-quorum-delay,5,3,87,6,27,0,1,0,0
progress-aware-quorum-delay,5,3,88,6,27,0,1,0,0
progress-aware-quorum-delay,5,3,89,6,27,0,1,0,0
progress-aware-quorum-delay,5,3,90,6,27,0,1,0,0
progress-aware-quorum-delay,5,3,91,6,27,0,1,0,0
progress-aware-quorum-delay,5,3,92,6,27,0,1,0,0
progress-aware-quorum-delay,5,3,93,6,27,0,1,0,0
progress-aware-quorum-delay,5,3,94,6,27,0,1,0,0
progress-aware-quorum-delay,5,3,95,6,27,0,1,0,0
progress-aware-quorum-delay,5,3,96,6,27,0,1,0,0
progress-aware-quorum-delay,5,3,97,6,27,0,1,0,0
progress-aware-quorum-delay,5,3,98,6,27,0,1,0,0
progress-aware-quorum-delay,5,3,99,6,27,0,1,0,0
progress-aware-quorum-delay,5,3,100,6,27,0,1,0,0
progress-aware-quorum-delay,5,3,101,6,27,0,1,0,0
progress-aware-quorum-delay,5,3,102,6,27,0,1,0,0
progress-aware-quorum-delay,5,3,103,6,27,0,1,0,0
progress-aware-quorum-delay,5,3,104,6,27,0,1,0,0
progress-aware-quorum-delay,5,3,105,6,27,0,1,0,0
progress-aware-quorum-delay,5,3,106,6,27,0,1,0,0
progress-aware-quorum-delay,5,3,107,6,27,0,1,0,0
progress-aware-quorum-delay,5,3,108,6,27,0,1,0,0
progress-aware-quorum-delay,5,3,109,6,27,0,1,0,0
progress-aware-quorum-delay,5,3,110,6,27,0,1,0,0
progress-aware-quorum-delay,5,3,111,6,27,0,1,0,0
progress-aware-quorum-delay,5,3,112,6,27,0,1,0,0
progress-aware-quorum-delay,5,3,113,6,27,0,1,0,0
progress-aware-quorum-delay,5,3,114,6,27,0,1,0,0
progress-aware-quorum-delay,5,3,115,6,27,0,1,0,0
progress-aware-quorum-delay,5,3,116,6,27,0,1,0,0
progress-aware-quorum-delay,5,3,117,6,27,0,1,0,0
progress-aware-quorum-delay,5,3,118,6,27,0,1,0,0
progress-aware-quorum-delay,5,3,119,6,27,0,1,0,0
progress-aware-quorum-delay,5,3,120,6,27,0,1,0,0
progress-aware-quorum-delay,5,3,121,6,27,0,1,0,0
progress-aware-quorum-delay,5,3,122,6,27,0,1,0,0
progress-aware-quorum-delay,5,3,123,6,27,0,1,0,0
progress-aware-quorum-delay,5,3,124,6,27,0,1,0,0
progress-aware-quorum-delay,5,3,125,6,27,0,1,0,0
progress-aware-quorum-delay,5,3,126,6,27,0,1,0,0
progress-aware-quorum-delay,5,3,127,6,27,0,1,0,0
progress-aware-quorum-delay,5,3,128,6,27,0,1,0,0
progress-aware-quorum-delay,5,3,129,6,27,0,1,0,0
progress-aware-quorum-delay,5,3,130,6,27,0,1,0,0
progress-aware-quorum-delay,5,3,131,6,27,0,1,0,0
progress-aware-quorum-delay,5,3,132,6,27,0,1,0,0
progress-aware-quorum-delay,5,3,133,6,27,0,1,0,0
progress-aware-quorum-delay,5,3,134,6,27,0,1,0,0
progress-aware-quorum-delay,5,3,135,6,27,0,1,0,0
progress-aware-quorum-delay,5,3,136,6,27,0,1,0,0
progress-aware-quorum-delay,5,3,137,6,27,0,1,0,0
progress-aware-quorum-delay,5,3,138,6,27,0,1,0,0
progress-aware-quorum-delay,5,3,139,6,27,0,1,0,0
progress-aware-quorum-delay,5,3,140,6,27,0,1,0,0
progress-aware-quorum-delay,5,3,141,6,27,0,1,0,0
progress-aware-quorum-delay,5,3,142,6,27,0,1,0,0
progress-aware-quorum-delay,5,3,143,6,27,0,1,0,0
progress-aware-quorum-delay,5,3,144,6,27,0,1,0,0
progress-aware-quorum-delay,5,3,145,6,27,0,1,0,0
progress-aware-quorum-delay,5,3,146,6,27,0,1,0,0
progress-aware-quorum-delay,5,3,147,6,27,0,1,0,0
progress-aware-quorum-delay,5,3,148,6,27,0,1,0,0
progress-aware-quorum-delay,5,3,149,6,27,0,1,0,0
progress-aware-quorum-delay,5,3,150,6,27,0,1,0,0
progress-aware-quorum-delay,5,3,151,6,27,0,1,0,0
progress-aware-quorum-delay,5,3,152,6,27,0,1,0,0
progress-aware-quorum-delay,5,3,153,6,27,0,1,0,0
progress-aware-quorum-delay,5,3,154,6,27,0,1,0,0
progress-aware-quorum-delay,5,3,155,6,27,0,1,0,0
progress-aware-quorum-delay,5,3,156,6,27,0,1,0,0
progress-aware-quorum-delay,5,3,157,6,27,0,1,0,0
progress-aware-quorum-delay,5,3,158,6,27,0,1,0,0
progress-aware-quorum-delay,5,3,159,6,27,0,1,0,0
progress-aware-quorum-delay,5,3,160,6,27,0,1,0,0
progress-aware-quorum-delay,5,3,161,6,27,0,1,0,0
progress-aware-quorum-delay,5,3,162,6,27,0,1,0,0
progress-aware-quorum-delay,5,3,163,6,27,0,1,0,0
progress-aware-quorum-delay,5,3,164,6,27,0,1,0,0
progress-aware-quorum-delay,5,3,165,6,27,0,1,0,0
progress-aware-quorum-delay,5,3,166,6,47,1,1,1,2
progress-aware-quorum-delay,5,3,167,6,27,0,1,0,0
progress-aware-quorum-delay,5,3,168,6,27,0,1,0,0
progress-aware-quorum-delay,5,3,169,6,27,0,1,0,0
progress-aware-quorum-delay,5,3,170,6,27,0,1,0,0
progress-aware-quorum-delay,5,3,171,6,27,0,1,0,0
progress-aware-quorum-delay,5,3,172,6,27,0,1,0,0
progress-aware-quorum-delay,5,3,173,6,27,0,1,0,0
progress-aware-quorum-delay,5,3,174,6,27,0,1,0,0
progress-aware-quorum-delay,5,3,175,6,27,0,1,0,0
progress-aware-quorum-delay,5,3,176,6,27,0,1,0,0
progress-aware-quorum-delay,5,3,177,6,27,0,1,0,0
progress-aware-quorum-delay,5,3,178,6,27,0,1,0,0
progress-aware-quorum-delay,5,3,179,6,27,0,1,0,0
progress-aware-quorum-delay,5,3,180,6,27,0,1,0,0
progress-aware-quorum-delay,5,3,181,6,27,0,1,0,0
progress-aware-quorum-delay,5,3,182,6,27,0,1,0,0
progress-aware-quorum-delay,5,3,183,6,27,0,1,0,0
progress-aware-quorum-delay,5,3,184,6,27,0,1,0,0
progress-aware-quorum-delay,5,3,185,6,47,1,1,1,2
progress-aware-quorum-delay,5,3,186,6,27,0,1,0,0
progress-aware-quorum-delay,5,3,187,6,27,0,1,0,0
progress-aware-quorum-delay,5,3,188,6,27,0,1,0,0
progress-aware-quorum-delay,5,3,189,6,27,0,1,0,0
progress-aware-quorum-delay,5,3,190,6,27,0,1,0,0
progress-aware-quorum-delay,5,3,191,6,27,0,1,0,0
progress-aware-quorum-delay,5,3,192,6,27,0,1,0,0
progress-aware-quorum-delay,5,3,193,6,27,0,1,0,0
progress-aware-quorum-delay,5,3,194,6,27,0,1,0,0
progress-aware-quorum-delay,5,3,195,6,27,0,1,0,0
progress-aware-quorum-delay,5,3,196,6,27,0,1,0,0
progress-aware-quorum-delay,5,3,197,6,27,0,1,0,0
progress-aware-quorum-delay,5,3,198,6,27,0,1,0,0
progress-aware-quorum-delay,5,3,199,6,27,0,1,0,0
progress-aware-quorum-delay,5,3,200,6,27,0,1,0,0
prob-interleaved-uniform-budget-delay,9,5,1,10,407,20,1,20,21
prob-interleaved-uniform-budget-delay,9,5,2,10,407,20,1,20,21
prob-interleaved-uniform-budget-delay,9,5,3,10,407,20,1,20,21
prob-interleaved-uniform-budget-delay,9,5,4,10,425,20,1,20,21
prob-interleaved-uniform-budget-delay,9,5,5,10,407,20,1,20,21
prob-interleaved-uniform-budget-delay,9,5,6,10,407,20,1,20,21
prob-interleaved-uniform-budget-delay,9,5,7,10,407,20,1,20,21
prob-interleaved-uniform-budget-delay,9,5,8,10,407,20,1,20,21
prob-interleaved-uniform-budget-delay,9,5,9,10,407,20,1,20,21
prob-interleaved-uniform-budget-delay,9,5,10,10,407,20,1,20,21
prob-interleaved-uniform-budget-delay,9,5,11,10,407,20,1,20,21
prob-interleaved-uniform-budget-delay,9,5,12,10,407,20,1,20,21
prob-interleaved-uniform-budget-delay,9,5,13,10,407,20,1,20,21
prob-interleaved-uniform-budget-delay,9,5,14,10,407,20,1,20,21
prob-interleaved-uniform-budget-delay,9,5,15,10,407,20,1,20,21
prob-interleaved-uniform-budget-delay,9,5,16,10,407,20,1,20,21
prob-interleaved-uniform-budget-delay,9,5,17,10,407,20,1,20,21
prob-interleaved-uniform-budget-delay,9,5,18,10,407,20,1,20,21
prob-interleaved-uniform-budget-delay,9,5,19,10,407,20,1,20,21
prob-interleaved-uniform-budget-delay,9,5,20,10,407,20,1,20,21
prob-interleaved-uniform-budget-delay,9,5,21,10,407,20,1,20,21
prob-interleaved-uniform-budget-delay,9,5,22,10,407,20,1,20,21
prob-interleaved-uniform-budget-delay,9,5,23,10,407,20,1,20,21
prob-interleaved-uniform-budget-delay,9,5,24,10,407,20,1,20,21
prob-interleaved-uniform-budget-delay,9,5,25,10,407,20,1,20,21
prob-interleaved-uniform-budget-delay,9,5,26,10,407,20,1,20,21
prob-interleaved-uniform-budget-delay,9,5,27,10,407,20,1,20,21
prob-interleaved-uniform-budget-delay,9,5,28,10,407,20,1,20,21
prob-interleaved-uniform-budget-delay,9,5,29,10,407,20,1,20,21
prob-interleaved-uniform-budget-delay,9,5,30,10,407,20,1,20,21
prob-interleaved-uniform-budget-delay,9,5,31,10,407,20,1,20,21
prob-interleaved-uniform-budget-delay,9,5,32,10,407,20,1,20,21
prob-interleaved-uniform-budget-delay,9,5,33,10,407,20,1,20,21
prob-interleaved-uniform-budget-delay,9,5,34,10,407,20,1,20,21
prob-interleaved-uniform-budget-delay,9,5,35,10,407,20,1,20,21
prob-interleaved-uniform-budget-delay,9,5,36,10,407,20,1,20,21
prob-interleaved-uniform-budget-delay,9,5,37,10,407,20,1,20,21
prob-interleaved-uniform-budget-delay,9,5,38,10,407,20,1,20,21
prob-interleaved-uniform-budget-delay,9,5,39,10,407,20,1,20,21
prob-interleaved-uniform-budget-delay,9,5,40,10,407,20,1,20,21
prob-interleaved-uniform-budget-delay,9,5,41,10,407,20,1,20,21
prob-interleaved-uniform-budget-delay,9,5,42,10,407,20,1,20,21
prob-interleaved-uniform-budget-delay,9,5,43,10,407,20,1,20,21
prob-interleaved-uniform-budget-delay,9,5,44,10,407,20,1,20,21
prob-interleaved-uniform-budget-delay,9,5,45,10,407,20,1,20,21
prob-interleaved-uniform-budget-delay,9,5,46,10,407,20,1,20,21
prob-interleaved-uniform-budget-delay,9,5,47,10,407,20,1,20,21
prob-interleaved-uniform-budget-delay,9,5,48,10,407,20,1,20,21
prob-interleaved-uniform-budget-delay,9,5,49,10,407,20,1,20,21
prob-interleaved-uniform-budget-delay,9,5,50,10,407,20,1,20,21
prob-interleaved-uniform-budget-delay,9,5,51,10,407,20,1,20,21
prob-interleaved-uniform-budget-delay,9,5,52,10,407,20,1,20,21
prob-interleaved-uniform-budget-delay,9,5,53,10,407,20,1,20,21
prob-interleaved-uniform-budget-delay,9,5,54,10,407,20,1,20,21
prob-interleaved-uniform-budget-delay,9,5,55,10,407,20,1,20,21
prob-interleaved-uniform-budget-delay,9,5,56,10,407,20,1,20,21
prob-interleaved-uniform-budget-delay,9,5,57,10,407,20,1,20,21
prob-interleaved-uniform-budget-delay,9,5,58,10,407,20,1,20,21
prob-interleaved-uniform-budget-delay,9,5,59,10,407,20,1,20,21
prob-interleaved-uniform-budget-delay,9,5,60,10,407,20,1,20,21
prob-interleaved-uniform-budget-delay,9,5,61,10,407,20,1,20,21
prob-interleaved-uniform-budget-delay,9,5,62,10,407,20,1,20,21
prob-interleaved-uniform-budget-delay,9,5,63,10,407,20,1,20,21
prob-interleaved-uniform-budget-delay,9,5,64,10,407,20,1,20,21
prob-interleaved-uniform-budget-delay,9,5,65,10,407,20,1,20,21
prob-interleaved-uniform-budget-delay,9,5,66,10,407,20,1,20,21
prob-interleaved-uniform-budget-delay,9,5,67,10,407,20,1,20,21
prob-interleaved-uniform-budget-delay,9,5,68,10,407,20,1,20,21
prob-interleaved-uniform-budget-delay,9,5,69,10,407,20,1,20,21
prob-interleaved-uniform-budget-delay,9,5,70,10,407,20,1,20,21
prob-interleaved-uniform-budget-delay,9,5,71,10,407,20,1,20,21
prob-interleaved-uniform-budget-delay,9,5,72,10,407,20,1,20,21
prob-interleaved-uniform-budget-delay,9,5,73,10,407,20,1,20,21
prob-interleaved-uniform-budget-delay,9,5,74,10,407,20,1,20,21
prob-interleaved-uniform-budget-delay,9,5,75,10,407,20,1,20,21
prob-interleaved-uniform-budget-delay,9,5,76,10,407,20,1,20,21
prob-interleaved-uniform-budget-delay,9,5,77,10,407,20,1,20,21
prob-interleaved-uniform-budget-delay,9,5,78,10,407,20,1,20,21
prob-interleaved-uniform-budget-delay,9,5,79,10,407,20,1,20,21
prob-interleaved-uniform-budget-delay,9,5,80,10,407,20,1,20,21
prob-interleaved-uniform-budget-delay,9,5,81,10,407,20,1,20,21
prob-interleaved-uniform-budget-delay,9,5,82,10,407,20,1,20,21
prob-interleaved-uniform-budget-delay,9,5,83,10,407,20,1,20,21
prob-interleaved-uniform-budget-delay,9,5,84,10,407,20,1,20,21
prob-interleaved-uniform-budget-delay,9,5,85,10,407,20,1,20,21
prob-interleaved-uniform-budget-delay,9,5,86,10,407,20,1,20,21
prob-interleaved-uniform-budget-delay,9,5,87,10,407,20,1,20,21
prob-interleaved-uniform-budget-delay,9,5,88,10,407,20,1,20,21
prob-interleaved-uniform-budget-delay,9,5,89,10,407,20,1,20,21
prob-interleaved-uniform-budget-delay,9,5,90,10,407,20,1,20,21
prob-interleaved-uniform-budget-delay,9,5,91,10,407,20,1,20,21
prob-interleaved-uniform-budget-delay,9,5,92,10,407,20,1,20,21
prob-interleaved-uniform-budget-delay,9,5,93,10,407,20,1,20,21
prob-interleaved-uniform-budget-delay,9,5,94,10,407,20,1,20,21
prob-interleaved-uniform-budget-delay,9,5,95,10,407,20,1,20,21
prob-interleaved-uniform-budget-delay,9,5,96,10,407,20,1,20,21
prob-interleaved-uniform-budget-delay,9,5,97,10,407,20,1,20,21
prob-interleaved-uniform-budget-delay,9,5,98,10,407,20,1,20,21
prob-interleaved-uniform-budget-delay,9,5,99,10,407,20,1,20,21
prob-interleaved-uniform-budget-delay,9,5,100,10,407,20,1,20,21
prob-interleaved-uniform-budget-delay,9,5,101,10,407,20,1,20,21
prob-interleaved-uniform-budget-delay,9,5,102,10,407,20,1,20,21
prob-interleaved-uniform-budget-delay,9,5,103,10,407,20,1,20,21
prob-interleaved-uniform-budget-delay,9,5,104,10,407,20,1,20,21
prob-interleaved-uniform-budget-delay,9,5,105,10,407,20,1,20,21
prob-interleaved-uniform-budget-delay,9,5,106,10,407,20,1,20,21
prob-interleaved-uniform-budget-delay,9,5,107,10,407,20,1,20,21
prob-interleaved-uniform-budget-delay,9,5,108,10,407,20,1,20,21
prob-interleaved-uniform-budget-delay,9,5,109,10,407,20,1,20,21
prob-interleaved-uniform-budget-delay,9,5,110,10,407,20,1,20,21
prob-interleaved-uniform-budget-delay,9,5,111,10,407,20,1,20,21
prob-interleaved-uniform-budget-delay,9,5,112,10,407,20,1,20,21
prob-interleaved-uniform-budget-delay,9,5,113,10,407,20,1,20,21
prob-interleaved-uniform-budget-delay,9,5,114,10,407,20,1,20,21
prob-interleaved-uniform-budget-delay,9,5,115,10,407,20,1,20,21
prob-interleaved-uniform-budget-delay,9,5,116,10,407,20,1,20,21
prob-interleaved-uniform-budget-delay,9,5,117,10,407,20,1,20,21
prob-interleaved-uniform-budget-delay,9,5,118,10,407,20,1,20,21
prob-interleaved-uniform-budget-delay,9,5,119,10,407,20,1,20,21
prob-interleaved-uniform-budget-delay,9,5,120,10,407,20,1,20,21
prob-interleaved-uniform-budget-delay,9,5,121,10,407,20,1,20,21
prob-interleaved-uniform-budget-delay,9,5,122,10,407,20,1,20,21
prob-interleaved-uniform-budget-delay,9,5,123,10,407,20,1,20,21
prob-interleaved-uniform-budget-delay,9,5,124,10,407,20,1,20,21
prob-interleaved-uniform-budget-delay,9,5,125,10,407,20,1,20,21
prob-interleaved-uniform-budget-delay,9,5,126,10,407,20,1,20,21
prob-interleaved-uniform-budget-delay,9,5,127,10,407,20,1,20,21
prob-interleaved-uniform-budget-delay,9,5,128,10,407,20,1,20,21
prob-interleaved-uniform-budget-delay,9,5,129,10,407,20,1,20,21
prob-interleaved-uniform-budget-delay,9,5,130,10,407,20,1,20,21
prob-interleaved-uniform-budget-delay,9,5,131,10,407,20,1,20,21
prob-interleaved-uniform-budget-delay,9,5,132,10,407,20,1,20,21
prob-interleaved-uniform-budget-delay,9,5,133,10,407,20,1,20,21
prob-interleaved-uniform-budget-delay,9,5,134,10,407,20,1,20,21
prob-interleaved-uniform-budget-delay,9,5,135,10,407,20,1,20,21
prob-interleaved-uniform-budget-delay,9,5,136,10,407,20,1,20,21
prob-interleaved-uniform-budget-delay,9,5,137,10,407,20,1,20,21
prob-interleaved-uniform-budget-delay,9,5,138,10,407,20,1,20,21
prob-interleaved-uniform-budget-delay,9,5,139,10,407,20,1,20,21
prob-interleaved-uniform-budget-delay,9,5,140,10,407,20,1,20,21
prob-interleaved-uniform-budget-delay,9,5,141,10,407,20,1,20,21
prob-interleaved-uniform-budget-delay,9,5,142,10,407,20,1,20,21
prob-interleaved-uniform-budget-delay,9,5,143,10,407,20,1,20,21
prob-interleaved-uniform-budget-delay,9,5,144,10,407,20,1,20,21
prob-interleaved-uniform-budget-delay,9,5,145,10,407,20,1,20,21
prob-interleaved-uniform-budget-delay,9,5,146,10,407,20,1,20,21
prob-interleaved-uniform-budget-delay,9,5,147,10,407,20,1,20,21
prob-interleaved-uniform-budget-delay,9,5,148,10,407,20,1,20,21
prob-interleaved-uniform-budget-delay,9,5,149,10,407,20,1,20,21
prob-interleaved-uniform-budget-delay,9,5,150,10,407,20,1,20,21
prob-interleaved-uniform-budget-delay,9,5,151,10,407,20,1,20,21
prob-interleaved-uniform-budget-delay,9,5,152,10,407,20,1,20,21
prob-interleaved-uniform-budget-delay,9,5,153,10,407,20,1,20,21
prob-interleaved-uniform-budget-delay,9,5,154,10,407,20,1,20,21
prob-interleaved-uniform-budget-delay,9,5,155,10,407,20,1,20,21
prob-interleaved-uniform-budget-delay,9,5,156,10,407,20,1,20,21
prob-interleaved-uniform-budget-delay,9,5,157,10,407,20,1,20,21
prob-interleaved-uniform-budget-delay,9,5,158,10,407,20,1,20,21
prob-interleaved-uniform-budget-delay,9,5,159,10,407,20,1,20,21
prob-interleaved-uniform-budget-delay,9,5,160,10,407,20,1,20,21
prob-interleaved-uniform-budget-delay,9,5,161,10,407,20,1,20,21
prob-interleaved-uniform-budget-delay,9,5,162,10,407,20,1,20,21
prob-interleaved-uniform-budget-delay,9,5,163,10,407,20,1,20,21
prob-interleaved-uniform-budget-delay,9,5,164,10,407,20,1,20,21
prob-interleaved-uniform-budget-delay,9,5,165,10,407,20,1,20,21
prob-interleaved-uniform-budget-delay,9,5,166,10,407,20,1,20,21
prob-interleaved-uniform-budget-delay,9,5,167,10,407,20,1,20,21
prob-interleaved-uniform-budget-delay,9,5,168,10,407,20,1,20,21
prob-interleaved-uniform-budget-delay,9,5,169,10,407,20,1,20,21
prob-interleaved-uniform-budget-delay,9,5,170,10,407,20,1,20,21
prob-interleaved-uniform-budget-delay,9,5,171,10,407,20,1,20,21
prob-interleaved-uniform-budget-delay,9,5,172,10,407,20,1,20,21
prob-interleaved-uniform-budget-delay,9,5,173,10,407,20,1,20,21
prob-interleaved-uniform-budget-delay,9,5,174,10,407,20,1,20,21
prob-interleaved-uniform-budget-delay,9,5,175,10,407,20,1,20,21
prob-interleaved-uniform-budget-delay,9,5,176,10,407,20,1,20,21
prob-interleaved-uniform-budget-delay,9,5,177,10,407,20,1,20,21
prob-interleaved-uniform-budget-delay,9,5,178,10,407,20,1,20,21
prob-interleaved-uniform-budget-delay,9,5,179,10,407,20,1,20,21
prob-interleaved-uniform-budget-delay,9,5,180,10,407,20,1,20,21
prob-interleaved-uniform-budget-delay,9,5,181,10,407,20,1,20,21
prob-interleaved-uniform-budget-delay,9,5,182,10,407,20,1,20,21
prob-interleaved-uniform-budget-delay,9,5,183,10,407,20,1,20,21
prob-interleaved-uniform-budget-delay,9,5,184,10,407,20,1,20,21
prob-interleaved-uniform-budget-delay,9,5,185,10,407,20,1,20,21
prob-interleaved-uniform-budget-delay,9,5,186,10,407,20,1,20,21
prob-interleaved-uniform-budget-delay,9,5,187,10,407,20,1,20,21
prob-interleaved-uniform-budget-delay,9,5,188,10,407,20,1,20,21
prob-interleaved-uniform-budget-delay,9,5,189,10,407,20,1,20,21
prob-interleaved-uniform-budget-delay,9,5,190,10,407,20,1,20,21
prob-interleaved-uniform-budget-delay,9,5,191,10,407,20,1,20,21
prob-interleaved-uniform-budget-delay,9,5,192,10,407,20,1,20,21
prob-interleaved-uniform-budget-delay,9,5,193,10,407,20,1,20,21
prob-interleaved-uniform-budget-delay,9,5,194,10,407,20,1,20,21
prob-interleaved-uniform-budget-delay,9,5,195,10,407,20,1,20,21
prob-interleaved-uniform-budget-delay,9,5,196,10,407,20,1,20,21
prob-interleaved-uniform-budget-delay,9,5,197,10,407,20,1,20,21
prob-interleaved-uniform-budget-delay,9,5,198,10,407,20,1,20,21
prob-interleaved-uniform-budget-delay,9,5,199,10,407,20,1,20,21
prob-interleaved-uniform-budget-delay,9,5,200,10,407,20,1,20,21
progress-aware-quorum-delay,9,5,1,10,407,20,1,20,21
progress-aware-quorum-delay,9,5,2,10,407,20,1,20,21
progress-aware-quorum-delay,9,5,3,10,407,20,1,20,21
progress-aware-quorum-delay,9,5,4,10,407,20,1,20,21
progress-aware-quorum-delay,9,5,5,10,407,20,1,20,21
progress-aware-quorum-delay,9,5,6,10,407,20,1,20,21
progress-aware-quorum-delay,9,5,7,10,407,20,1,20,21
progress-aware-quorum-delay,9,5,8,10,407,20,1,20,21
progress-aware-quorum-delay,9,5,9,10,407,20,1,20,21
progress-aware-quorum-delay,9,5,10,10,407,20,1,20,21
progress-aware-quorum-delay,9,5,11,10,407,20,1,20,21
progress-aware-quorum-delay,9,5,12,10,407,20,1,20,21
progress-aware-quorum-delay,9,5,13,10,407,20,1,20,21
progress-aware-quorum-delay,9,5,14,10,407,20,1,20,21
progress-aware-quorum-delay,9,5,15,10,407,20,1,20,21
progress-aware-quorum-delay,9,5,16,10,407,20,1,20,21
progress-aware-quorum-delay,9,5,17,10,407,20,1,20,21
progress-aware-quorum-delay,9,5,18,10,407,20,1,20,21
progress-aware-quorum-delay,9,5,19,10,407,20,1,20,21
progress-aware-quorum-delay,9,5,20,10,407,20,1,20,21
progress-aware-quorum-delay,9,5,21,10,407,20,1,20,21
progress-aware-quorum-delay,9,5,22,10,407,20,1,20,21
progress-aware-quorum-delay,9,5,23,10,407,20,1,20,21
progress-aware-quorum-delay,9,5,24,10,407,20,1,20,21
progress-aware-quorum-delay,9,5,25,10,407,20,1,20,21
progress-aware-quorum-delay,9,5,26,10,407,20,1,20,21
progress-aware-quorum-delay,9,5,27,10,407,20,1,20,21
progress-aware-quorum-delay,9,5,28,10,407,20,1,20,21
progress-aware-quorum-delay,9,5,29,10,407,20,1,20,21
progress-aware-quorum-delay,9,5,30,10,407,20,1,20,21
progress-aware-quorum-delay,9,5,31,10,407,20,1,20,21
progress-aware-quorum-delay,9,5,32,10,407,20,1,20,21
progress-aware-quorum-delay,9,5,33,10,407,20,1,20,21
progress-aware-quorum-delay,9,5,34,10,407,20,1,20,21
progress-aware-quorum-delay,9,5,35,10,407,20,1,20,21
progress-aware-quorum-delay,9,5,36,10,407,20,1,20,21
progress-aware-quorum-delay,9,5,37,10,407,20,1,20,21
progress-aware-quorum-delay,9,5,38,10,407,20,1,20,21
progress-aware-quorum-delay,9,5,39,10,407,20,1,20,21
progress-aware-quorum-delay,9,5,40,10,407,20,1,20,21
progress-aware-quorum-delay,9,5,41,10,407,20,1,20,21
progress-aware-quorum-delay,9,5,42,10,407,20,1,20,21
progress-aware-quorum-delay,9,5,43,10,407,20,1,20,21
progress-aware-quorum-delay,9,5,44,10,407,20,1,20,21
progress-aware-quorum-delay,9,5,45,10,407,20,1,20,21
progress-aware-quorum-delay,9,5,46,10,407,20,1,20,21
progress-aware-quorum-delay,9,5,47,10,407,20,1,20,21
progress-aware-quorum-delay,9,5,48,10,407,20,1,20,21
progress-aware-quorum-delay,9,5,49,10,407,20,1,20,21
progress-aware-quorum-delay,9,5,50,10,407,20,1,20,21
progress-aware-quorum-delay,9,5,51,10,407,20,1,20,21
progress-aware-quorum-delay,9,5,52,10,407,20,1,20,21
progress-aware-quorum-delay,9,5,53,10,407,20,1,20,21
progress-aware-quorum-delay,9,5,54,10,407,20,1,20,21
progress-aware-quorum-delay,9,5,55,10,407,20,1,20,21
progress-aware-quorum-delay,9,5,56,10,407,20,1,20,21
progress-aware-quorum-delay,9,5,57,10,407,20,1,20,21
progress-aware-quorum-delay,9,5,58,10,407,20,1,20,21
progress-aware-quorum-delay,9,5,59,10,407,20,1,20,21
progress-aware-quorum-delay,9,5,60,10,407,20,1,20,21
progress-aware-quorum-delay,9,5,61,10,407,20,1,20,21
progress-aware-quorum-delay,9,5,62,10,407,20,1,20,21
progress-aware-quorum-delay,9,5,63,10,407,20,1,20,21
progress-aware-quorum-delay,9,5,64,10,407,20,1,20,21
progress-aware-quorum-delay,9,5,65,10,407,20,1,20,21
progress-aware-quorum-delay,9,5,66,10,407,20,1,20,21
progress-aware-quorum-delay,9,5,67,10,407,20,1,20,21
progress-aware-quorum-delay,9,5,68,10,407,20,1,20,21
progress-aware-quorum-delay,9,5,69,10,407,20,1,20,21
progress-aware-quorum-delay,9,5,70,10,407,20,1,20,21
progress-aware-quorum-delay,9,5,71,10,407,20,1,20,21
progress-aware-quorum-delay,9,5,72,10,407,20,1,20,21
progress-aware-quorum-delay,9,5,73,10,407,20,1,20,21
progress-aware-quorum-delay,9,5,74,10,407,20,1,20,21
progress-aware-quorum-delay,9,5,75,10,407,20,1,20,21
progress-aware-quorum-delay,9,5,76,10,407,20,1,20,21
progress-aware-quorum-delay,9,5,77,10,407,20,1,20,21
progress-aware-quorum-delay,9,5,78,10,407,20,1,20,21
progress-aware-quorum-delay,9,5,79,10,407,20,1,20,21
progress-aware-quorum-delay,9,5,80,10,407,20,1,20,21
progress-aware-quorum-delay,9,5,81,10,407,20,1,20,21
progress-aware-quorum-delay,9,5,82,10,407,20,1,20,21
progress-aware-quorum-delay,9,5,83,10,407,20,1,20,21
progress-aware-quorum-delay,9,5,84,10,407,20,1,20,21
progress-aware-quorum-delay,9,5,85,10,407,20,1,20,21
progress-aware-quorum-delay,9,5,86,10,407,20,1,20,21
progress-aware-quorum-delay,9,5,87,10,407,20,1,20,21
progress-aware-quorum-delay,9,5,88,10,407,20,1,20,21
progress-aware-quorum-delay,9,5,89,10,407,20,1,20,21
progress-aware-quorum-delay,9,5,90,10,407,20,1,20,21
progress-aware-quorum-delay,9,5,91,10,407,20,1,20,21
progress-aware-quorum-delay,9,5,92,10,407,20,1,20,21
progress-aware-quorum-delay,9,5,93,10,407,20,1,20,21
progress-aware-quorum-delay,9,5,94,10,407,20,1,20,21
progress-aware-quorum-delay,9,5,95,10,407,20,1,20,21
progress-aware-quorum-delay,9,5,96,10,407,20,1,20,21
progress-aware-quorum-delay,9,5,97,10,407,20,1,20,21
progress-aware-quorum-delay,9,5,98,10,407,20,1,20,21
progress-aware-quorum-delay,9,5,99,10,407,20,1,20,21
progress-aware-quorum-delay,9,5,100,10,407,20,1,20,21
progress-aware-quorum-delay,9,5,101,10,407,20,1,20,21
progress-aware-quorum-delay,9,5,102,10,407,20,1,20,21
progress-aware-quorum-delay,9,5,103,10,407,20,1,20,21
progress-aware-quorum-delay,9,5,104,10,407,20,1,20,21
progress-aware-quorum-delay,9,5,105,10,407,20,1,20,21
progress-aware-quorum-delay,9,5,106,10,407,20,1,20,21
progress-aware-quorum-delay,9,5,107,10,407,20,1,20,21
progress-aware-quorum-delay,9,5,108,10,407,20,1,20,21
progress-aware-quorum-delay,9,5,109,10,407,20,1,20,21
progress-aware-quorum-delay,9,5,110,10,407,20,1,20,21
progress-aware-quorum-delay,9,5,111,10,407,20,1,20,21
progress-aware-quorum-delay,9,5,112,10,407,20,1,20,21
progress-aware-quorum-delay,9,5,113,10,407,20,1,20,21
progress-aware-quorum-delay,9,5,114,10,407,20,1,20,21
progress-aware-quorum-delay,9,5,115,10,407,20,1,20,21
progress-aware-quorum-delay,9,5,116,10,407,20,1,20,21
progress-aware-quorum-delay,9,5,117,10,407,20,1,20,21
progress-aware-quorum-delay,9,5,118,10,407,20,1,20,21
progress-aware-quorum-delay,9,5,119,10,407,20,1,20,21
progress-aware-quorum-delay,9,5,120,10,407,20,1,20,21
progress-aware-quorum-delay,9,5,121,10,407,20,1,20,21
progress-aware-quorum-delay,9,5,122,10,407,20,1,20,21
progress-aware-quorum-delay,9,5,123,10,407,20,1,20,21
progress-aware-quorum-delay,9,5,124,10,407,20,1,20,21
progress-aware-quorum-delay,9,5,125,10,407,20,1,20,21
progress-aware-quorum-delay,9,5,126,10,407,20,1,20,21
progress-aware-quorum-delay,9,5,127,10,407,20,1,20,21
progress-aware-quorum-delay,9,5,128,10,407,20,1,20,21
progress-aware-quorum-delay,9,5,129,10,407,20,1,20,21
progress-aware-quorum-delay,9,5,130,10,407,20,1,20,21
progress-aware-quorum-delay,9,5,131,10,407,20,1,20,21
progress-aware-quorum-delay,9,5,132,10,407,20,1,20,21
progress-aware-quorum-delay,9,5,133,10,407,20,1,20,21
progress-aware-quorum-delay,9,5,134,10,407,20,1,20,21
progress-aware-quorum-delay,9,5,135,10,407,20,1,20,21
progress-aware-quorum-delay,9,5,136,10,407,20,1,20,21
progress-aware-quorum-delay,9,5,137,10,407,20,1,20,21
progress-aware-quorum-delay,9,5,138,10,407,20,1,20,21
progress-aware-quorum-delay,9,5,139,10,407,20,1,20,21
progress-aware-quorum-delay,9,5,140,10,407,20,1,20,21
progress-aware-quorum-delay,9,5,141,10,407,20,1,20,21
progress-aware-quorum-delay,9,5,142,10,407,20,1,20,21
progress-aware-quorum-delay,9,5,143,10,407,20,1,20,21
progress-aware-quorum-delay,9,5,144,10,407,20,1,20,21
progress-aware-quorum-delay,9,5,145,10,407,20,1,20,21
progress-aware-quorum-delay,9,5,146,10,407,20,1,20,21
progress-aware-quorum-delay,9,5,147,10,407,20,1,20,21
progress-aware-quorum-delay,9,5,148,10,407,20,1,20,21
progress-aware-quorum-delay,9,5,149,10,407,20,1,20,21
progress-aware-quorum-delay,9,5,150,10,407,20,1,20,21
progress-aware-quorum-delay,9,5,151,10,407,20,1,20,21
progress-aware-quorum-delay,9,5,152,10,407,20,1,20,21
progress-aware-quorum-delay,9,5,153,10,407,20,1,20,21
progress-aware-quorum-delay,9,5,154,10,407,20,1,20,21
progress-aware-quorum-delay,9,5,155,10,407,20,1,20,21
progress-aware-quorum-delay,9,5,156,10,407,20,1,20,21
progress-aware-quorum-delay,9,5,157,10,407,20,1,20,21
progress-aware-quorum-delay,9,5,158,10,407,20,1,20,21
progress-aware-quorum-delay,9,5,159,10,407,20,1,20,21
progress-aware-quorum-delay,9,5,160,10,407,20,1,20,21
progress-aware-quorum-delay,9,5,161,10,407,20,1,20,21
progress-aware-quorum-delay,9,5,162,10,407,20,1,20,21
progress-aware-quorum-delay,9,5,163,10,407,20,1,20,21
progress-aware-quorum-delay,9,5,164,10,407,20,1,20,21
progress-aware-quorum-delay,9,5,165,10,407,20,1,20,21
progress-aware-quorum-delay,9,5,166,10,407,20,1,20,21
progress-aware-quorum-delay,9,5,167,10,407,20,1,20,21
progress-aware-quorum-delay,9,5,168,10,407,20,1,20,21
progress-aware-quorum-delay,9,5,169,10,407,20,1,20,21
progress-aware-quorum-delay,9,5,170,10,407,20,1,20,21
progress-aware-quorum-delay,9,5,171,10,407,20,1,20,21
progress-aware-quorum-delay,9,5,172,10,407,20,1,20,21
progress-aware-quorum-delay,9,5,173,10,407,20,1,20,21
progress-aware-quorum-delay,9,5,174,10,407,20,1,20,21
progress-aware-quorum-delay,9,5,175,10,407,20,1,20,21
progress-aware-quorum-delay,9,5,176,10,407,20,1,20,21
progress-aware-quorum-delay,9,5,177,10,407,20,1,20,21
progress-aware-quorum-delay,9,5,178,10,407,20,1,20,21
progress-aware-quorum-delay,9,5,179,10,407,20,1,20,21
progress-aware-quorum-delay,9,5,180,10,407,20,1,20,21
progress-aware-quorum-delay,9,5,181,10,407,20,1,20,21
progress-aware-quorum-delay,9,5,182,10,407,20,1,20,21
progress-aware-quorum-delay,9,5,183,10,407,20,1,20,21
progress-aware-quorum-delay,9,5,184,10,407,20,1,20,21
progress-aware-quorum-delay,9,5,185,10,407,20,1,20,21
progress-aware-quorum-delay,9,5,186,10,407,20,1,20,21
progress-aware-quorum-delay,9,5,187,10,407,20,1,20,21
progress-aware-quorum-delay,9,5,188,10,407,20,1,20,21
progress-aware-quorum-delay,9,5,189,10,407,20,1,20,21
progress-aware-quorum-delay,9,5,190,10,407,20,1,20,21
progress-aware-quorum-delay,9,5,191,10,407,20,1,20,21
progress-aware-quorum-delay,9,5,192,10,407,20,1,20,21
progress-aware-quorum-delay,9,5,193,10,407,20,1,20,21
progress-aware-quorum-delay,9,5,194,10,407,20,1,20,21
progress-aware-quorum-delay,9,5,195,10,407,20,1,20,21
progress-aware-quorum-delay,9,5,196,10,407,20,1,20,21
progress-aware-quorum-delay,9,5,197,10,407,20,1,20,21
progress-aware-quorum-delay,9,5,198,10,407,20,1,20,21
progress-aware-quorum-delay,9,5,199,10,407,20,1,20,21
progress-aware-quorum-delay,9,5,200,10,407,20,1,20,21
prob-interleaved-uniform-budget-delay,15,8,1,16,677,20,1,20,21
prob-interleaved-uniform-budget-delay,15,8,2,16,677,20,1,20,21
prob-interleaved-uniform-budget-delay,15,8,3,16,677,20,1,20,21
prob-interleaved-uniform-budget-delay,15,8,4,16,677,20,1,20,21
prob-interleaved-uniform-budget-delay,15,8,5,16,677,20,1,20,21
prob-interleaved-uniform-budget-delay,15,8,6,16,677,20,1,20,21
prob-interleaved-uniform-budget-delay,15,8,7,16,677,20,1,20,21
prob-interleaved-uniform-budget-delay,15,8,8,16,677,20,1,20,21
prob-interleaved-uniform-budget-delay,15,8,9,16,677,20,1,20,21
prob-interleaved-uniform-budget-delay,15,8,10,16,677,20,1,20,21
prob-interleaved-uniform-budget-delay,15,8,11,16,677,20,1,20,21
prob-interleaved-uniform-budget-delay,15,8,12,16,677,20,1,20,21
prob-interleaved-uniform-budget-delay,15,8,13,16,677,20,1,20,21
prob-interleaved-uniform-budget-delay,15,8,14,16,677,20,1,20,21
prob-interleaved-uniform-budget-delay,15,8,15,16,677,20,1,20,21
prob-interleaved-uniform-budget-delay,15,8,16,16,677,20,1,20,21
prob-interleaved-uniform-budget-delay,15,8,17,16,677,20,1,20,21
prob-interleaved-uniform-budget-delay,15,8,18,16,677,20,1,20,21
prob-interleaved-uniform-budget-delay,15,8,19,16,677,20,1,20,21
prob-interleaved-uniform-budget-delay,15,8,20,16,677,20,1,20,21
prob-interleaved-uniform-budget-delay,15,8,21,16,677,20,1,20,21
prob-interleaved-uniform-budget-delay,15,8,22,16,677,20,1,20,21
prob-interleaved-uniform-budget-delay,15,8,23,16,677,20,1,20,21
prob-interleaved-uniform-budget-delay,15,8,24,16,677,20,1,20,21
prob-interleaved-uniform-budget-delay,15,8,25,16,677,20,1,20,21
prob-interleaved-uniform-budget-delay,15,8,26,16,677,20,1,20,21
prob-interleaved-uniform-budget-delay,15,8,27,16,677,20,1,20,21
prob-interleaved-uniform-budget-delay,15,8,28,16,677,20,1,20,21
prob-interleaved-uniform-budget-delay,15,8,29,16,677,20,1,20,21
prob-interleaved-uniform-budget-delay,15,8,30,16,677,20,1,20,21
prob-interleaved-uniform-budget-delay,15,8,31,16,677,20,1,20,21
prob-interleaved-uniform-budget-delay,15,8,32,16,677,20,1,20,21
prob-interleaved-uniform-budget-delay,15,8,33,16,677,20,1,20,21
prob-interleaved-uniform-budget-delay,15,8,34,16,677,20,1,20,21
prob-interleaved-uniform-budget-delay,15,8,35,16,677,20,1,20,21
prob-interleaved-uniform-budget-delay,15,8,36,16,677,20,1,20,21
prob-interleaved-uniform-budget-delay,15,8,37,16,677,20,1,20,21
prob-interleaved-uniform-budget-delay,15,8,38,16,677,20,1,20,21
prob-interleaved-uniform-budget-delay,15,8,39,16,677,20,1,20,21
prob-interleaved-uniform-budget-delay,15,8,40,16,677,20,1,20,21
prob-interleaved-uniform-budget-delay,15,8,41,16,677,20,1,20,21
prob-interleaved-uniform-budget-delay,15,8,42,16,677,20,1,20,21
prob-interleaved-uniform-budget-delay,15,8,43,16,677,20,1,20,21
prob-interleaved-uniform-budget-delay,15,8,44,16,677,20,1,20,21
prob-interleaved-uniform-budget-delay,15,8,45,16,677,20,1,20,21
prob-interleaved-uniform-budget-delay,15,8,46,16,677,20,1,20,21
prob-interleaved-uniform-budget-delay,15,8,47,16,677,20,1,20,21
prob-interleaved-uniform-budget-delay,15,8,48,16,677,20,1,20,21
prob-interleaved-uniform-budget-delay,15,8,49,16,677,20,1,20,21
prob-interleaved-uniform-budget-delay,15,8,50,16,677,20,1,20,21
prob-interleaved-uniform-budget-delay,15,8,51,16,677,20,1,20,21
prob-interleaved-uniform-budget-delay,15,8,52,16,677,20,1,20,21
prob-interleaved-uniform-budget-delay,15,8,53,16,677,20,1,20,21
prob-interleaved-uniform-budget-delay,15,8,54,16,677,20,1,20,21
prob-interleaved-uniform-budget-delay,15,8,55,16,677,20,1,20,21
prob-interleaved-uniform-budget-delay,15,8,56,16,677,20,1,20,21
prob-interleaved-uniform-budget-delay,15,8,57,16,677,20,1,20,21
prob-interleaved-uniform-budget-delay,15,8,58,16,677,20,1,20,21
prob-interleaved-uniform-budget-delay,15,8,59,16,677,20,1,20,21
prob-interleaved-uniform-budget-delay,15,8,60,16,677,20,1,20,21
prob-interleaved-uniform-budget-delay,15,8,61,16,677,20,1,20,21
prob-interleaved-uniform-budget-delay,15,8,62,16,677,20,1,20,21
prob-interleaved-uniform-budget-delay,15,8,63,16,677,20,1,20,21
prob-interleaved-uniform-budget-delay,15,8,64,16,677,20,1,20,21
prob-interleaved-uniform-budget-delay,15,8,65,16,677,20,1,20,21
prob-interleaved-uniform-budget-delay,15,8,66,16,677,20,1,20,21
prob-interleaved-uniform-budget-delay,15,8,67,16,677,20,1,20,21
prob-interleaved-uniform-budget-delay,15,8,68,16,677,20,1,20,21
prob-interleaved-uniform-budget-delay,15,8,69,16,677,20,1,20,21
prob-interleaved-uniform-budget-delay,15,8,70,16,677,20,1,20,21
prob-interleaved-uniform-budget-delay,15,8,71,16,677,20,1,20,21
prob-interleaved-uniform-budget-delay,15,8,72,16,677,20,1,20,21
prob-interleaved-uniform-budget-delay,15,8,73,16,677,20,1,20,21
prob-interleaved-uniform-budget-delay,15,8,74,16,677,20,1,20,21
prob-interleaved-uniform-budget-delay,15,8,75,16,677,20,1,20,21
prob-interleaved-uniform-budget-delay,15,8,76,16,677,20,1,20,21
prob-interleaved-uniform-budget-delay,15,8,77,16,677,20,1,20,21
prob-interleaved-uniform-budget-delay,15,8,78,16,677,20,1,20,21
prob-interleaved-uniform-budget-delay,15,8,79,16,677,20,1,20,21
prob-interleaved-uniform-budget-delay,15,8,80,16,677,20,1,20,21
prob-interleaved-uniform-budget-delay,15,8,81,16,677,20,1,20,21
prob-interleaved-uniform-budget-delay,15,8,82,16,677,20,1,20,21
prob-interleaved-uniform-budget-delay,15,8,83,16,677,20,1,20,21
prob-interleaved-uniform-budget-delay,15,8,84,16,677,20,1,20,21
prob-interleaved-uniform-budget-delay,15,8,85,16,677,20,1,20,21
prob-interleaved-uniform-budget-delay,15,8,86,16,677,20,1,20,21
prob-interleaved-uniform-budget-delay,15,8,87,16,677,20,1,20,21
prob-interleaved-uniform-budget-delay,15,8,88,16,677,20,1,20,21
prob-interleaved-uniform-budget-delay,15,8,89,16,677,20,1,20,21
prob-interleaved-uniform-budget-delay,15,8,90,16,677,20,1,20,21
prob-interleaved-uniform-budget-delay,15,8,91,16,677,20,1,20,21
prob-interleaved-uniform-budget-delay,15,8,92,16,677,20,1,20,21
prob-interleaved-uniform-budget-delay,15,8,93,16,677,20,1,20,21
prob-interleaved-uniform-budget-delay,15,8,94,16,677,20,1,20,21
prob-interleaved-uniform-budget-delay,15,8,95,16,677,20,1,20,21
prob-interleaved-uniform-budget-delay,15,8,96,16,677,20,1,20,21
prob-interleaved-uniform-budget-delay,15,8,97,16,677,20,1,20,21
prob-interleaved-uniform-budget-delay,15,8,98,16,677,20,1,20,21
prob-interleaved-uniform-budget-delay,15,8,99,16,677,20,1,20,21
prob-interleaved-uniform-budget-delay,15,8,100,16,677,20,1,20,21
prob-interleaved-uniform-budget-delay,15,8,101,16,677,20,1,20,21
prob-interleaved-uniform-budget-delay,15,8,102,16,677,20,1,20,21
prob-interleaved-uniform-budget-delay,15,8,103,16,677,20,1,20,21
prob-interleaved-uniform-budget-delay,15,8,104,16,677,20,1,20,21
prob-interleaved-uniform-budget-delay,15,8,105,16,677,20,1,20,21
prob-interleaved-uniform-budget-delay,15,8,106,16,677,20,1,20,21
prob-interleaved-uniform-budget-delay,15,8,107,16,677,20,1,20,21
prob-interleaved-uniform-budget-delay,15,8,108,16,677,20,1,20,21
prob-interleaved-uniform-budget-delay,15,8,109,16,677,20,1,20,21
prob-interleaved-uniform-budget-delay,15,8,110,16,677,20,1,20,21
prob-interleaved-uniform-budget-delay,15,8,111,16,677,20,1,20,21
prob-interleaved-uniform-budget-delay,15,8,112,16,677,20,1,20,21
prob-interleaved-uniform-budget-delay,15,8,113,16,677,20,1,20,21
prob-interleaved-uniform-budget-delay,15,8,114,16,677,20,1,20,21
prob-interleaved-uniform-budget-delay,15,8,115,16,677,20,1,20,21
prob-interleaved-uniform-budget-delay,15,8,116,16,677,20,1,20,21
prob-interleaved-uniform-budget-delay,15,8,117,16,677,20,1,20,21
prob-interleaved-uniform-budget-delay,15,8,118,16,677,20,1,20,21
prob-interleaved-uniform-budget-delay,15,8,119,16,677,20,1,20,21
prob-interleaved-uniform-budget-delay,15,8,120,16,677,20,1,20,21
prob-interleaved-uniform-budget-delay,15,8,121,16,677,20,1,20,21
prob-interleaved-uniform-budget-delay,15,8,122,16,677,20,1,20,21
prob-interleaved-uniform-budget-delay,15,8,123,16,677,20,1,20,21
prob-interleaved-uniform-budget-delay,15,8,124,16,677,20,1,20,21
prob-interleaved-uniform-budget-delay,15,8,125,16,677,20,1,20,21
prob-interleaved-uniform-budget-delay,15,8,126,16,677,20,1,20,21
prob-interleaved-uniform-budget-delay,15,8,127,16,677,20,1,20,21
prob-interleaved-uniform-budget-delay,15,8,128,16,677,20,1,20,21
prob-interleaved-uniform-budget-delay,15,8,129,16,677,20,1,20,21
prob-interleaved-uniform-budget-delay,15,8,130,16,677,20,1,20,21
prob-interleaved-uniform-budget-delay,15,8,131,16,677,20,1,20,21
prob-interleaved-uniform-budget-delay,15,8,132,16,677,20,1,20,21
prob-interleaved-uniform-budget-delay,15,8,133,16,677,20,1,20,21
prob-interleaved-uniform-budget-delay,15,8,134,16,677,20,1,20,21
prob-interleaved-uniform-budget-delay,15,8,135,16,677,20,1,20,21
prob-interleaved-uniform-budget-delay,15,8,136,16,677,20,1,20,21
prob-interleaved-uniform-budget-delay,15,8,137,16,677,20,1,20,21
prob-interleaved-uniform-budget-delay,15,8,138,16,677,20,1,20,21
prob-interleaved-uniform-budget-delay,15,8,139,16,677,20,1,20,21
prob-interleaved-uniform-budget-delay,15,8,140,16,677,20,1,20,21
prob-interleaved-uniform-budget-delay,15,8,141,16,677,20,1,20,21
prob-interleaved-uniform-budget-delay,15,8,142,16,677,20,1,20,21
prob-interleaved-uniform-budget-delay,15,8,143,16,677,20,1,20,21
prob-interleaved-uniform-budget-delay,15,8,144,16,677,20,1,20,21
prob-interleaved-uniform-budget-delay,15,8,145,16,677,20,1,20,21
prob-interleaved-uniform-budget-delay,15,8,146,16,677,20,1,20,21
prob-interleaved-uniform-budget-delay,15,8,147,16,677,20,1,20,21
prob-interleaved-uniform-budget-delay,15,8,148,16,677,20,1,20,21
prob-interleaved-uniform-budget-delay,15,8,149,16,677,20,1,20,21
prob-interleaved-uniform-budget-delay,15,8,150,16,677,20,1,20,21
prob-interleaved-uniform-budget-delay,15,8,151,16,677,20,1,20,21
prob-interleaved-uniform-budget-delay,15,8,152,16,677,20,1,20,21
prob-interleaved-uniform-budget-delay,15,8,153,16,677,20,1,20,21
prob-interleaved-uniform-budget-delay,15,8,154,16,677,20,1,20,21
prob-interleaved-uniform-budget-delay,15,8,155,16,677,20,1,20,21
prob-interleaved-uniform-budget-delay,15,8,156,16,677,20,1,20,21
prob-interleaved-uniform-budget-delay,15,8,157,16,677,20,1,20,21
prob-interleaved-uniform-budget-delay,15,8,158,16,677,20,1,20,21
prob-interleaved-uniform-budget-delay,15,8,159,16,677,20,1,20,21
prob-interleaved-uniform-budget-delay,15,8,160,16,677,20,1,20,21
prob-interleaved-uniform-budget-delay,15,8,161,16,677,20,1,20,21
prob-interleaved-uniform-budget-delay,15,8,162,16,677,20,1,20,21
prob-interleaved-uniform-budget-delay,15,8,163,16,677,20,1,20,21
prob-interleaved-uniform-budget-delay,15,8,164,16,677,20,1,20,21
prob-interleaved-uniform-budget-delay,15,8,165,16,677,20,1,20,21
prob-interleaved-uniform-budget-delay,15,8,166,16,677,20,1,20,21
prob-interleaved-uniform-budget-delay,15,8,167,16,677,20,1,20,21
prob-interleaved-uniform-budget-delay,15,8,168,16,677,20,1,20,21
prob-interleaved-uniform-budget-delay,15,8,169,16,677,20,1,20,21
prob-interleaved-uniform-budget-delay,15,8,170,16,677,20,1,20,21
prob-interleaved-uniform-budget-delay,15,8,171,16,677,20,1,20,21
prob-interleaved-uniform-budget-delay,15,8,172,16,677,20,1,20,21
prob-interleaved-uniform-budget-delay,15,8,173,16,677,20,1,20,21
prob-interleaved-uniform-budget-delay,15,8,174,16,677,20,1,20,21
prob-interleaved-uniform-budget-delay,15,8,175,16,677,20,1,20,21
prob-interleaved-uniform-budget-delay,15,8,176,16,677,20,1,20,21
prob-interleaved-uniform-budget-delay,15,8,177,16,677,20,1,20,21
prob-interleaved-uniform-budget-delay,15,8,178,16,677,20,1,20,21
prob-interleaved-uniform-budget-delay,15,8,179,16,677,20,1,20,21
prob-interleaved-uniform-budget-delay,15,8,180,16,677,20,1,20,21
prob-interleaved-uniform-budget-delay,15,8,181,16,677,20,1,20,21
prob-interleaved-uniform-budget-delay,15,8,182,16,677,20,1,20,21
prob-interleaved-uniform-budget-delay,15,8,183,16,677,20,1,20,21
prob-interleaved-uniform-budget-delay,15,8,184,16,677,20,1,20,21
prob-interleaved-uniform-budget-delay,15,8,185,16,677,20,1,20,21
prob-interleaved-uniform-budget-delay,15,8,186,16,677,20,1,20,21
prob-interleaved-uniform-budget-delay,15,8,187,16,677,20,1,20,21
prob-interleaved-uniform-budget-delay,15,8,188,16,677,20,1,20,21
prob-interleaved-uniform-budget-delay,15,8,189,16,677,20,1,20,21
prob-interleaved-uniform-budget-delay,15,8,190,16,677,20,1,20,21
prob-interleaved-uniform-budget-delay,15,8,191,16,677,20,1,20,21
prob-interleaved-uniform-budget-delay,15,8,192,16,677,20,1,20,21
prob-interleaved-uniform-budget-delay,15,8,193,16,677,20,1,20,21
prob-interleaved-uniform-budget-delay,15,8,194,16,677,20,1,20,21
prob-interleaved-uniform-budget-delay,15,8,195,16,677,20,1,20,21
prob-interleaved-uniform-budget-delay,15,8,196,16,677,20,1,20,21
prob-interleaved-uniform-budget-delay,15,8,197,16,677,20,1,20,21
prob-interleaved-uniform-budget-delay,15,8,198,16,677,20,1,20,21
prob-interleaved-uniform-budget-delay,15,8,199,16,677,20,1,20,21
prob-interleaved-uniform-budget-delay,15,8,200,16,677,20,1,20,21
progress-aware-quorum-delay,15,8,1,16,677,20,1,20,21
progress-aware-quorum-delay,15,8,2,16,677,20,1,20,21
progress-aware-quorum-delay,15,8,3,16,677,20,1,20,21
progress-aware-quorum-delay,15,8,4,16,677,20,1,20,21
progress-aware-quorum-delay,15,8,5,16,677,20,1,20,21
progress-aware-quorum-delay,15,8,6,16,677,20,1,20,21
progress-aware-quorum-delay,15,8,7,16,677,20,1,20,21
progress-aware-quorum-delay,15,8,8,16,677,20,1,20,21
progress-aware-quorum-delay,15,8,9,16,677,20,1,20,21
progress-aware-quorum-delay,15,8,10,16,677,20,1,20,21
progress-aware-quorum-delay,15,8,11,16,677,20,1,20,21
progress-aware-quorum-delay,15,8,12,16,677,20,1,20,21
progress-aware-quorum-delay,15,8,13,16,677,20,1,20,21
progress-aware-quorum-delay,15,8,14,16,677,20,1,20,21
progress-aware-quorum-delay,15,8,15,16,677,20,1,20,21
progress-aware-quorum-delay,15,8,16,16,677,20,1,20,21
progress-aware-quorum-delay,15,8,17,16,677,20,1,20,21
progress-aware-quorum-delay,15,8,18,16,677,20,1,20,21
progress-aware-quorum-delay,15,8,19,16,677,20,1,20,21
progress-aware-quorum-delay,15,8,20,16,677,20,1,20,21
progress-aware-quorum-delay,15,8,21,16,677,20,1,20,21
progress-aware-quorum-delay,15,8,22,16,677,20,1,20,21
progress-aware-quorum-delay,15,8,23,16,677,20,1,20,21
progress-aware-quorum-delay,15,8,24,16,677,20,1,20,21
progress-aware-quorum-delay,15,8,25,16,677,20,1,20,21
progress-aware-quorum-delay,15,8,26,16,677,20,1,20,21
progress-aware-quorum-delay,15,8,27,16,677,20,1,20,21
progress-aware-quorum-delay,15,8,28,16,677,20,1,20,21
progress-aware-quorum-delay,15,8,29,16,677,20,1,20,21
progress-aware-quorum-delay,15,8,30,16,677,20,1,20,21
progress-aware-quorum-delay,15,8,31,16,677,20,1,20,21
progress-aware-quorum-delay,15,8,32,16,677,20,1,20,21
progress-aware-quorum-delay,15,8,33,16,677,20,1,20,21
progress-aware-quorum-delay,15,8,34,16,677,20,1,20,21
progress-aware-quorum-delay,15,8,35,16,677,20,1,20,21
progress-aware-quorum-delay,15,8,36,16,677,20,1,20,21
progress-aware-quorum-delay,15,8,37,16,677,20,1,20,21
progress-aware-quorum-delay,15,8,38,16,677,20,1,20,21
progress-aware-quorum-delay,15,8,39,16,677,20,1,20,21
progress-aware-quorum-delay,15,8,40,16,677,20,1,20,21
progress-aware-quorum-delay,15,8,41,16,677,20,1,20,21
progress-aware-quorum-delay,15,8,42,16,677,20,1,20,21
progress-aware-quorum-delay,15,8,43,16,677,20,1,20,21
progress-aware-quorum-delay,15,8,44,16,677,20,1,20,21
progress-aware-quorum-delay,15,8,45,16,677,20,1,20,21
progress-aware-quorum-delay,15,8,46,16,677,20,1,20,21
progress-aware-quorum-delay,15,8,47,16,677,20,1,20,21
progress-aware-quorum-delay,15,8,48,16,677,20,1,20,21
progress-aware-quorum-delay,15,8,49,16,677,20,1,20,21
progress-aware-quorum-delay,15,8,50,16,677,20,1,20,21
progress-aware-quorum-delay,15,8,51,16,677,20,1,20,21
progress-aware-quorum-delay,15,8,52,16,677,20,1,20,21
progress-aware-quorum-delay,15,8,53,16,677,20,1,20,21
progress-aware-quorum-delay,15,8,54,16,677,20,1,20,21
progress-aware-quorum-delay,15,8,55,16,677,20,1,20,21
progress-aware-quorum-delay,15,8,56,16,677,20,1,20,21
progress-aware-quorum-delay,15,8,57,16,677,20,1,20,21
progress-aware-quorum-delay,15,8,58,16,677,20,1,20,21
progress-aware-quorum-delay,15,8,59,16,677,20,1,20,21
progress-aware-quorum-delay,15,8,60,16,677,20,1,20,21
progress-aware-quorum-delay,15,8,61,16,677,20,1,20,21
progress-aware-quorum-delay,15,8,62,16,677,20,1,20,21
progress-aware-quorum-delay,15,8,63,16,677,20,1,20,21
progress-aware-quorum-delay,15,8,64,16,677,20,1,20,21
progress-aware-quorum-delay,15,8,65,16,677,20,1,20,21
progress-aware-quorum-delay,15,8,66,16,677,20,1,20,21
progress-aware-quorum-delay,15,8,67,16,677,20,1,20,21
progress-aware-quorum-delay,15,8,68,16,677,20,1,20,21
progress-aware-quorum-delay,15,8,69,16,677,20,1,20,21
progress-aware-quorum-delay,15,8,70,16,677,20,1,20,21
progress-aware-quorum-delay,15,8,71,16,677,20,1,20,21
progress-aware-quorum-delay,15,8,72,16,677,20,1,20,21
progress-aware-quorum-delay,15,8,73,16,677,20,1,20,21
progress-aware-quorum-delay,15,8,74,16,677,20,1,20,21
progress-aware-quorum-delay,15,8,75,16,677,20,1,20,21
progress-aware-quorum-delay,15,8,76,16,677,20,1,20,21
progress-aware-quorum-delay,15,8,77,16,677,20,1,20,21
progress-aware-quorum-delay,15,8,78,16,677,20,1,20,21
progress-aware-quorum-delay,15,8,79,16,677,20,1,20,21
progress-aware-quorum-delay,15,8,80,16,677,20,1,20,21
progress-aware-quorum-delay,15,8,81,16,677,20,1,20,21
progress-aware-quorum-delay,15,8,82,16,677,20,1,20,21
progress-aware-quorum-delay,15,8,83,16,677,20,1,20,21
progress-aware-quorum-delay,15,8,84,16,677,20,1,20,21
progress-aware-quorum-delay,15,8,85,16,677,20,1,20,21
progress-aware-quorum-delay,15,8,86,16,677,20,1,20,21
progress-aware-quorum-delay,15,8,87,16,677,20,1,20,21
progress-aware-quorum-delay,15,8,88,16,677,20,1,20,21
progress-aware-quorum-delay,15,8,89,16,677,20,1,20,21
progress-aware-quorum-delay,15,8,90,16,677,20,1,20,21
progress-aware-quorum-delay,15,8,91,16,677,20,1,20,21
progress-aware-quorum-delay,15,8,92,16,677,20,1,20,21
progress-aware-quorum-delay,15,8,93,16,677,20,1,20,21
progress-aware-quorum-delay,15,8,94,16,677,20,1,20,21
progress-aware-quorum-delay,15,8,95,16,677,20,1,20,21
progress-aware-quorum-delay,15,8,96,16,677,20,1,20,21
progress-aware-quorum-delay,15,8,97,16,677,20,1,20,21
progress-aware-quorum-delay,15,8,98,16,677,20,1,20,21
progress-aware-quorum-delay,15,8,99,16,677,20,1,20,21
progress-aware-quorum-delay,15,8,100,16,677,20,1,20,21
progress-aware-quorum-delay,15,8,101,16,677,20,1,20,21
progress-aware-quorum-delay,15,8,102,16,677,20,1,20,21
progress-aware-quorum-delay,15,8,103,16,677,20,1,20,21
progress-aware-quorum-delay,15,8,104,16,677,20,1,20,21
progress-aware-quorum-delay,15,8,105,16,677,20,1,20,21
progress-aware-quorum-delay,15,8,106,16,677,20,1,20,21
progress-aware-quorum-delay,15,8,107,16,677,20,1,20,21
progress-aware-quorum-delay,15,8,108,16,677,20,1,20,21
progress-aware-quorum-delay,15,8,109,16,677,20,1,20,21
progress-aware-quorum-delay,15,8,110,16,677,20,1,20,21
progress-aware-quorum-delay,15,8,111,16,677,20,1,20,21
progress-aware-quorum-delay,15,8,112,16,677,20,1,20,21
progress-aware-quorum-delay,15,8,113,16,677,20,1,20,21
progress-aware-quorum-delay,15,8,114,16,677,20,1,20,21
progress-aware-quorum-delay,15,8,115,16,677,20,1,20,21
progress-aware-quorum-delay,15,8,116,16,677,20,1,20,21
progress-aware-quorum-delay,15,8,117,16,677,20,1,20,21
progress-aware-quorum-delay,15,8,118,16,677,20,1,20,21
progress-aware-quorum-delay,15,8,119,16,677,20,1,20,21
progress-aware-quorum-delay,15,8,120,16,677,20,1,20,21
progress-aware-quorum-delay,15,8,121,16,677,20,1,20,21
progress-aware-quorum-delay,15,8,122,16,677,20,1,20,21
progress-aware-quorum-delay,15,8,123,16,677,20,1,20,21
progress-aware-quorum-delay,15,8,124,16,677,20,1,20,21
progress-aware-quorum-delay,15,8,125,16,677,20,1,20,21
progress-aware-quorum-delay,15,8,126,16,677,20,1,20,21
progress-aware-quorum-delay,15,8,127,16,677,20,1,20,21
progress-aware-quorum-delay,15,8,128,16,677,20,1,20,21
progress-aware-quorum-delay,15,8,129,16,677,20,1,20,21
progress-aware-quorum-delay,15,8,130,16,677,20,1,20,21
progress-aware-quorum-delay,15,8,131,16,677,20,1,20,21
progress-aware-quorum-delay,15,8,132,16,677,20,1,20,21
progress-aware-quorum-delay,15,8,133,16,677,20,1,20,21
progress-aware-quorum-delay,15,8,134,16,677,20,1,20,21
progress-aware-quorum-delay,15,8,135,16,677,20,1,20,21
progress-aware-quorum-delay,15,8,136,16,677,20,1,20,21
progress-aware-quorum-delay,15,8,137,16,677,20,1,20,21
progress-aware-quorum-delay,15,8,138,16,677,20,1,20,21
progress-aware-quorum-delay,15,8,139,16,677,20,1,20,21
progress-aware-quorum-delay,15,8,140,16,677,20,1,20,21
progress-aware-quorum-delay,15,8,141,16,677,20,1,20,21
progress-aware-quorum-delay,15,8,142,16,677,20,1,20,21
progress-aware-quorum-delay,15,8,143,16,677,20,1,20,21
progress-aware-quorum-delay,15,8,144,16,677,20,1,20,21
progress-aware-quorum-delay,15,8,145,16,677,20,1,20,21
progress-aware-quorum-delay,15,8,146,16,677,20,1,20,21
progress-aware-quorum-delay,15,8,147,16,677,20,1,20,21
progress-aware-quorum-delay,15,8,148,16,677,20,1,20,21
progress-aware-quorum-delay,15,8,149,16,677,20,1,20,21
progress-aware-quorum-delay,15,8,150,16,677,20,1,20,21
progress-aware-quorum-delay,15,8,151,16,677,20,1,20,21
progress-aware-quorum-delay,15,8,152,16,677,20,1,20,21
progress-aware-quorum-delay,15,8,153,16,677,20,1,20,21
progress-aware-quorum-delay,15,8,154,16,677,20,1,20,21
progress-aware-quorum-delay,15,8,155,16,677,20,1,20,21
progress-aware-quorum-delay,15,8,156,16,677,20,1,20,21
progress-aware-quorum-delay,15,8,157,16,677,20,1,20,21
progress-aware-quorum-delay,15,8,158,16,677,20,1,20,21
progress-aware-quorum-delay,15,8,159,16,677,20,1,20,21
progress-aware-quorum-delay,15,8,160,16,677,20,1,20,21
progress-aware-quorum-delay,15,8,161,16,677,20,1,20,21
progress-aware-quorum-delay,15,8,162,16,677,20,1,20,21
progress-aware-quorum-delay,15,8,163,16,677,20,1,20,21
progress-aware-quorum-delay,15,8,164,16,677,20,1,20,21
progress-aware-quorum-delay,15,8,165,16,677,20,1,20,21
progress-aware-quorum-delay,15,8,166,16,677,20,1,20,21
progress-aware-quorum-delay,15,8,167,16,677,20,1,20,21
progress-aware-quorum-delay,15,8,168,16,677,20,1,20,21
progress-aware-quorum-delay,15,8,169,16,677,20,1,20,21
progress-aware-quorum-delay,15,8,170,16,677,20,1,20,21
progress-aware-quorum-delay,15,8,171,16,677,20,1,20,21
progress-aware-quorum-delay,15,8,172,16,677,20,1,20,21
progress-aware-quorum-delay,15,8,173,16,677,20,1,20,21
progress-aware-quorum-delay,15,8,174,16,677,20,1,20,21
progress-aware-quorum-delay,15,8,175,16,677,20,1,20,21
progress-aware-quorum-delay,15,8,176,16,677,20,1,20,21
progress-aware-quorum-delay,15,8,177,16,677,20,1,20,21
progress-aware-quorum-delay,15,8,178,16,677,20,1,20,21
progress-aware-quorum-delay,15,8,179,16,677,20,1,20,21
progress-aware-quorum-delay,15,8,180,16,677,20,1,20,21
progress-aware-quorum-delay,15,8,181,16,677,20,1,20,21
progress-aware-quorum-delay,15,8,182,16,677,20,1,20,21
progress-aware-quorum-delay,15,8,183,16,677,20,1,20,21
progress-aware-quorum-delay,15,8,184,16,677,20,1,20,21
progress-aware-quorum-delay,15,8,185,16,677,20,1,20,21
progress-aware-quorum-delay,15,8,186,16,677,20,1,20,21
progress-aware-quorum-delay,15,8,187,16,677,20,1,20,21
progress-aware-quorum-delay,15,8,188,16,677,20,1,20,21
progress-aware-quorum-delay,15,8,189,16,677,20,1,20,21
progress-aware-quorum-delay,15,8,190,16,677,20,1,20,21
progress-aware-quorum-delay,15,8,191,16,677,20,1,20,21
progress-aware-quorum-delay,15,8,192,16,677,20,1,20,21
progress-aware-quorum-delay,15,8,193,16,677,20,1,20,21
progress-aware-quorum-delay,15,8,194,16,677,20,1,20,21
progress-aware-quorum-delay,15,8,195,16,677,20,1,20,21
progress-aware-quorum-delay,15,8,196,16,677,20,1,20,21
progress-aware-quorum-delay,15,8,197,16,677,20,1,20,21
progress-aware-quorum-delay,15,8,198,16,677,20,1,20,21
progress-aware-quorum-delay,15,8,199,16,677,20,1,20,21
progress-aware-quorum-delay,15,8,200,16,677,20,1,20,21
prob-interleaved-uniform-budget-delay,25,13,1,26,1000,20,0,20,21
prob-interleaved-uniform-budget-delay,25,13,2,26,1000,20,0,20,21
prob-interleaved-uniform-budget-delay,25,13,3,26,1000,20,0,20,21
prob-interleaved-uniform-budget-delay,25,13,4,26,1000,20,0,20,21
prob-interleaved-uniform-budget-delay,25,13,5,26,1000,20,0,20,21
prob-interleaved-uniform-budget-delay,25,13,6,26,1000,20,0,20,21
prob-interleaved-uniform-budget-delay,25,13,7,26,1000,20,0,20,21
prob-interleaved-uniform-budget-delay,25,13,8,26,1000,20,0,20,21
prob-interleaved-uniform-budget-delay,25,13,9,26,1000,20,0,20,21
prob-interleaved-uniform-budget-delay,25,13,10,26,1000,20,0,20,21
prob-interleaved-uniform-budget-delay,25,13,11,26,1000,20,0,20,21
prob-interleaved-uniform-budget-delay,25,13,12,26,1000,20,0,20,21
prob-interleaved-uniform-budget-delay,25,13,13,26,1000,20,0,20,21
prob-interleaved-uniform-budget-delay,25,13,14,26,1000,20,0,20,21
prob-interleaved-uniform-budget-delay,25,13,15,26,1000,20,0,20,21
prob-interleaved-uniform-budget-delay,25,13,16,26,1000,20,0,20,21
prob-interleaved-uniform-budget-delay,25,13,17,26,1000,20,0,20,21
prob-interleaved-uniform-budget-delay,25,13,18,26,1000,20,0,20,21
prob-interleaved-uniform-budget-delay,25,13,19,26,1000,20,0,20,21
prob-interleaved-uniform-budget-delay,25,13,20,26,1000,20,0,20,21
prob-interleaved-uniform-budget-delay,25,13,21,26,1000,20,0,20,21
prob-interleaved-uniform-budget-delay,25,13,22,26,1000,20,0,20,21
prob-interleaved-uniform-budget-delay,25,13,23,26,1000,20,0,20,21
prob-interleaved-uniform-budget-delay,25,13,24,26,1000,20,0,20,21
prob-interleaved-uniform-budget-delay,25,13,25,26,1000,20,0,20,21
prob-interleaved-uniform-budget-delay,25,13,26,26,1000,20,0,20,21
prob-interleaved-uniform-budget-delay,25,13,27,26,1000,20,0,20,21
prob-interleaved-uniform-budget-delay,25,13,28,26,1000,20,0,20,21
prob-interleaved-uniform-budget-delay,25,13,29,26,1000,20,0,20,21
prob-interleaved-uniform-budget-delay,25,13,30,26,1000,20,0,20,21
prob-interleaved-uniform-budget-delay,25,13,31,26,1000,20,0,20,21
prob-interleaved-uniform-budget-delay,25,13,32,26,1000,20,0,20,21
prob-interleaved-uniform-budget-delay,25,13,33,26,1000,20,0,20,21
prob-interleaved-uniform-budget-delay,25,13,34,26,1000,20,0,20,21
prob-interleaved-uniform-budget-delay,25,13,35,26,1000,20,0,20,21
prob-interleaved-uniform-budget-delay,25,13,36,26,1000,20,0,20,21
prob-interleaved-uniform-budget-delay,25,13,37,26,1000,20,0,20,21
prob-interleaved-uniform-budget-delay,25,13,38,26,1000,20,0,20,21
prob-interleaved-uniform-budget-delay,25,13,39,26,1000,20,0,20,21
prob-interleaved-uniform-budget-delay,25,13,40,26,1000,20,0,20,21
prob-interleaved-uniform-budget-delay,25,13,41,26,1000,20,0,20,21
prob-interleaved-uniform-budget-delay,25,13,42,26,1000,20,0,20,21
prob-interleaved-uniform-budget-delay,25,13,43,26,1000,20,0,20,21
prob-interleaved-uniform-budget-delay,25,13,44,26,1000,20,0,20,21
prob-interleaved-uniform-budget-delay,25,13,45,26,1000,20,0,20,21
prob-interleaved-uniform-budget-delay,25,13,46,26,1000,20,0,20,21
prob-interleaved-uniform-budget-delay,25,13,47,26,1000,20,0,20,21
prob-interleaved-uniform-budget-delay,25,13,48,26,1000,20,0,20,21
prob-interleaved-uniform-budget-delay,25,13,49,26,1000,20,0,20,21
prob-interleaved-uniform-budget-delay,25,13,50,26,1000,20,0,20,21
prob-interleaved-uniform-budget-delay,25,13,51,26,1000,20,0,20,21
prob-interleaved-uniform-budget-delay,25,13,52,26,1000,20,0,20,21
prob-interleaved-uniform-budget-delay,25,13,53,26,1000,20,0,20,21
prob-interleaved-uniform-budget-delay,25,13,54,26,1000,20,0,20,21
prob-interleaved-uniform-budget-delay,25,13,55,26,1000,20,0,20,21
prob-interleaved-uniform-budget-delay,25,13,56,26,1000,20,0,20,21
prob-interleaved-uniform-budget-delay,25,13,57,26,1000,20,0,20,21
prob-interleaved-uniform-budget-delay,25,13,58,26,1000,20,0,20,21
prob-interleaved-uniform-budget-delay,25,13,59,26,1000,20,0,20,21
prob-interleaved-uniform-budget-delay,25,13,60,26,1000,20,0,20,21
prob-interleaved-uniform-budget-delay,25,13,61,26,1000,20,0,20,21
prob-interleaved-uniform-budget-delay,25,13,62,26,1000,20,0,20,21
prob-interleaved-uniform-budget-delay,25,13,63,26,1000,20,0,20,21
prob-interleaved-uniform-budget-delay,25,13,64,26,1000,20,0,20,21
prob-interleaved-uniform-budget-delay,25,13,65,26,1000,20,0,20,21
prob-interleaved-uniform-budget-delay,25,13,66,26,1000,20,0,20,21
prob-interleaved-uniform-budget-delay,25,13,67,26,1000,20,0,20,21
prob-interleaved-uniform-budget-delay,25,13,68,26,1000,20,0,20,21
prob-interleaved-uniform-budget-delay,25,13,69,26,1000,20,0,20,21
prob-interleaved-uniform-budget-delay,25,13,70,26,1000,20,0,20,21
prob-interleaved-uniform-budget-delay,25,13,71,26,1000,20,0,20,21
prob-interleaved-uniform-budget-delay,25,13,72,26,1000,20,0,20,21
prob-interleaved-uniform-budget-delay,25,13,73,26,1000,20,0,20,21
prob-interleaved-uniform-budget-delay,25,13,74,26,1000,20,0,20,21
prob-interleaved-uniform-budget-delay,25,13,75,26,1000,20,0,20,21
prob-interleaved-uniform-budget-delay,25,13,76,26,1000,20,0,20,21
prob-interleaved-uniform-budget-delay,25,13,77,26,1000,20,0,20,21
prob-interleaved-uniform-budget-delay,25,13,78,26,1000,20,0,20,21
prob-interleaved-uniform-budget-delay,25,13,79,26,1000,20,0,20,21
prob-interleaved-uniform-budget-delay,25,13,80,26,1000,20,0,20,21
prob-interleaved-uniform-budget-delay,25,13,81,26,1000,20,0,20,21
prob-interleaved-uniform-budget-delay,25,13,82,26,1000,20,0,20,21
prob-interleaved-uniform-budget-delay,25,13,83,26,1000,20,0,20,21
prob-interleaved-uniform-budget-delay,25,13,84,26,1000,20,0,20,21
prob-interleaved-uniform-budget-delay,25,13,85,26,1000,20,0,20,21
prob-interleaved-uniform-budget-delay,25,13,86,26,1000,20,0,20,21
prob-interleaved-uniform-budget-delay,25,13,87,26,1000,20,0,20,21
prob-interleaved-uniform-budget-delay,25,13,88,26,1000,20,0,20,21
prob-interleaved-uniform-budget-delay,25,13,89,26,1000,20,0,20,21
prob-interleaved-uniform-budget-delay,25,13,90,26,1000,20,0,20,21
prob-interleaved-uniform-budget-delay,25,13,91,26,1000,20,0,20,21
prob-interleaved-uniform-budget-delay,25,13,92,26,1000,20,0,20,21
prob-interleaved-uniform-budget-delay,25,13,93,26,1000,20,0,20,21
prob-interleaved-uniform-budget-delay,25,13,94,26,1000,20,0,20,21
prob-interleaved-uniform-budget-delay,25,13,95,26,1000,20,0,20,21
prob-interleaved-uniform-budget-delay,25,13,96,26,1000,20,0,20,21
prob-interleaved-uniform-budget-delay,25,13,97,26,1000,20,0,20,21
prob-interleaved-uniform-budget-delay,25,13,98,26,1000,20,0,20,21
prob-interleaved-uniform-budget-delay,25,13,99,26,1000,20,0,20,21
prob-interleaved-uniform-budget-delay,25,13,100,26,1000,20,0,20,21
prob-interleaved-uniform-budget-delay,25,13,101,26,1000,20,0,20,21
prob-interleaved-uniform-budget-delay,25,13,102,26,1000,20,0,20,21
prob-interleaved-uniform-budget-delay,25,13,103,26,1000,20,0,20,21
prob-interleaved-uniform-budget-delay,25,13,104,26,1000,20,0,20,21
prob-interleaved-uniform-budget-delay,25,13,105,26,1000,20,0,20,21
prob-interleaved-uniform-budget-delay,25,13,106,26,1000,20,0,20,21
prob-interleaved-uniform-budget-delay,25,13,107,26,1000,20,0,20,21
prob-interleaved-uniform-budget-delay,25,13,108,26,1000,20,0,20,21
prob-interleaved-uniform-budget-delay,25,13,109,26,1000,20,0,20,21
prob-interleaved-uniform-budget-delay,25,13,110,26,1000,20,0,20,21
prob-interleaved-uniform-budget-delay,25,13,111,26,1000,20,0,20,21
prob-interleaved-uniform-budget-delay,25,13,112,26,1000,20,0,20,21
prob-interleaved-uniform-budget-delay,25,13,113,26,1000,20,0,20,21
prob-interleaved-uniform-budget-delay,25,13,114,26,1000,20,0,20,21
prob-interleaved-uniform-budget-delay,25,13,115,26,1000,20,0,20,21
prob-interleaved-uniform-budget-delay,25,13,116,26,1000,20,0,20,21
prob-interleaved-uniform-budget-delay,25,13,117,26,1000,20,0,20,21
prob-interleaved-uniform-budget-delay,25,13,118,26,1000,20,0,20,21
prob-interleaved-uniform-budget-delay,25,13,119,26,1000,20,0,20,21
prob-interleaved-uniform-budget-delay,25,13,120,26,1000,20,0,20,21
prob-interleaved-uniform-budget-delay,25,13,121,26,1000,20,0,20,21
prob-interleaved-uniform-budget-delay,25,13,122,26,1000,20,0,20,21
prob-interleaved-uniform-budget-delay,25,13,123,26,1000,20,0,20,21
prob-interleaved-uniform-budget-delay,25,13,124,26,1000,20,0,20,21
prob-interleaved-uniform-budget-delay,25,13,125,26,1000,20,0,20,21
prob-interleaved-uniform-budget-delay,25,13,126,26,1000,20,0,20,21
prob-interleaved-uniform-budget-delay,25,13,127,26,1000,20,0,20,21
prob-interleaved-uniform-budget-delay,25,13,128,26,1000,20,0,20,21
prob-interleaved-uniform-budget-delay,25,13,129,26,1000,20,0,20,21
prob-interleaved-uniform-budget-delay,25,13,130,26,1000,20,0,20,21
prob-interleaved-uniform-budget-delay,25,13,131,26,1000,20,0,20,21
prob-interleaved-uniform-budget-delay,25,13,132,26,1000,20,0,20,21
prob-interleaved-uniform-budget-delay,25,13,133,26,1000,20,0,20,21
prob-interleaved-uniform-budget-delay,25,13,134,26,1000,20,0,20,21
prob-interleaved-uniform-budget-delay,25,13,135,26,1000,20,0,20,21
prob-interleaved-uniform-budget-delay,25,13,136,26,1000,20,0,20,21
prob-interleaved-uniform-budget-delay,25,13,137,26,1000,20,0,20,21
prob-interleaved-uniform-budget-delay,25,13,138,26,1000,20,0,20,21
prob-interleaved-uniform-budget-delay,25,13,139,26,1000,20,0,20,21
prob-interleaved-uniform-budget-delay,25,13,140,26,1000,20,0,20,21
prob-interleaved-uniform-budget-delay,25,13,141,26,1000,20,0,20,21
prob-interleaved-uniform-budget-delay,25,13,142,26,1000,20,0,20,21
prob-interleaved-uniform-budget-delay,25,13,143,26,1000,20,0,20,21
prob-interleaved-uniform-budget-delay,25,13,144,26,1000,20,0,20,21
prob-interleaved-uniform-budget-delay,25,13,145,26,1000,20,0,20,21
prob-interleaved-uniform-budget-delay,25,13,146,26,1000,20,0,20,21
prob-interleaved-uniform-budget-delay,25,13,147,26,1000,20,0,20,21
prob-interleaved-uniform-budget-delay,25,13,148,26,1000,20,0,20,21
prob-interleaved-uniform-budget-delay,25,13,149,26,1000,20,0,20,21
prob-interleaved-uniform-budget-delay,25,13,150,26,1000,20,0,20,21
prob-interleaved-uniform-budget-delay,25,13,151,26,1000,20,0,20,21
prob-interleaved-uniform-budget-delay,25,13,152,26,1000,20,0,20,21
prob-interleaved-uniform-budget-delay,25,13,153,26,1000,20,0,20,21
prob-interleaved-uniform-budget-delay,25,13,154,26,1000,20,0,20,21
prob-interleaved-uniform-budget-delay,25,13,155,26,1000,20,0,20,21
prob-interleaved-uniform-budget-delay,25,13,156,26,1000,20,0,20,21
prob-interleaved-uniform-budget-delay,25,13,157,26,1000,20,0,20,21
prob-interleaved-uniform-budget-delay,25,13,158,26,1000,20,0,20,21
prob-interleaved-uniform-budget-delay,25,13,159,26,1000,20,0,20,21
prob-interleaved-uniform-budget-delay,25,13,160,26,1000,20,0,20,21
prob-interleaved-uniform-budget-delay,25,13,161,26,1000,20,0,20,21
prob-interleaved-uniform-budget-delay,25,13,162,26,1000,20,0,20,21
prob-interleaved-uniform-budget-delay,25,13,163,26,1000,20,0,20,21
prob-interleaved-uniform-budget-delay,25,13,164,26,1000,20,0,20,21
prob-interleaved-uniform-budget-delay,25,13,165,26,1000,20,0,20,21
prob-interleaved-uniform-budget-delay,25,13,166,26,1000,20,0,20,21
prob-interleaved-uniform-budget-delay,25,13,167,26,1000,20,0,20,21
prob-interleaved-uniform-budget-delay,25,13,168,26,1000,20,0,20,21
prob-interleaved-uniform-budget-delay,25,13,169,26,1000,20,0,20,21
prob-interleaved-uniform-budget-delay,25,13,170,26,1000,20,0,20,21
prob-interleaved-uniform-budget-delay,25,13,171,26,1000,20,0,20,21
prob-interleaved-uniform-budget-delay,25,13,172,26,1000,20,0,20,21
prob-interleaved-uniform-budget-delay,25,13,173,26,1000,20,0,20,21
prob-interleaved-uniform-budget-delay,25,13,174,26,1000,20,0,20,21
prob-interleaved-uniform-budget-delay,25,13,175,26,1000,20,0,20,21
prob-interleaved-uniform-budget-delay,25,13,176,26,1000,20,0,20,21
prob-interleaved-uniform-budget-delay,25,13,177,26,1000,20,0,20,21
prob-interleaved-uniform-budget-delay,25,13,178,26,1000,20,0,20,21
prob-interleaved-uniform-budget-delay,25,13,179,26,1000,20,0,20,21
prob-interleaved-uniform-budget-delay,25,13,180,26,1000,20,0,20,21
prob-interleaved-uniform-budget-delay,25,13,181,26,1000,20,0,20,21
prob-interleaved-uniform-budget-delay,25,13,182,26,1000,20,0,20,21
prob-interleaved-uniform-budget-delay,25,13,183,26,1000,20,0,20,21
prob-interleaved-uniform-budget-delay,25,13,184,26,1000,20,0,20,21
prob-interleaved-uniform-budget-delay,25,13,185,26,1000,20,0,20,21
prob-interleaved-uniform-budget-delay,25,13,186,26,1000,20,0,20,21
prob-interleaved-uniform-budget-delay,25,13,187,26,1000,20,0,20,21
prob-interleaved-uniform-budget-delay,25,13,188,26,1000,20,0,20,21
prob-interleaved-uniform-budget-delay,25,13,189,26,1000,20,0,20,21
prob-interleaved-uniform-budget-delay,25,13,190,26,1000,20,0,20,21
prob-interleaved-uniform-budget-delay,25,13,191,26,1000,20,0,20,21
prob-interleaved-uniform-budget-delay,25,13,192,26,1000,20,0,20,21
prob-interleaved-uniform-budget-delay,25,13,193,26,1000,20,0,20,21
prob-interleaved-uniform-budget-delay,25,13,194,26,1000,20,0,20,21
prob-interleaved-uniform-budget-delay,25,13,195,26,1000,20,0,20,21
prob-interleaved-uniform-budget-delay,25,13,196,26,1000,20,0,20,21
prob-interleaved-uniform-budget-delay,25,13,197,26,1000,20,0,20,21
prob-interleaved-uniform-budget-delay,25,13,198,26,1000,20,0,20,21
prob-interleaved-uniform-budget-delay,25,13,199,26,1000,20,0,20,21
prob-interleaved-uniform-budget-delay,25,13,200,26,1000,20,0,20,21
progress-aware-quorum-delay,25,13,1,26,1000,20,0,20,21
progress-aware-quorum-delay,25,13,2,26,1000,20,0,20,21
progress-aware-quorum-delay,25,13,3,26,1000,20,0,20,21
progress-aware-quorum-delay,25,13,4,26,1000,20,0,20,21
progress-aware-quorum-delay,25,13,5,26,1000,20,0,20,21
progress-aware-quorum-delay,25,13,6,26,1000,20,0,20,21
progress-aware-quorum-delay,25,13,7,26,1000,20,0,20,21
progress-aware-quorum-delay,25,13,8,26,1000,20,0,20,21
progress-aware-quorum-delay,25,13,9,26,1000,20,0,20,21
progress-aware-quorum-delay,25,13,10,26,1000,20,0,20,21
progress-aware-quorum-delay,25,13,11,26,1000,20,0,20,21
progress-aware-quorum-delay,25,13,12,26,1000,20,0,20,21
progress-aware-quorum-delay,25,13,13,26,1000,20,0,20,21
progress-aware-quorum-delay,25,13,14,26,1000,20,0,20,21
progress-aware-quorum-delay,25,13,15,26,1000,20,0,20,21
progress-aware-quorum-delay,25,13,16,26,1000,20,0,20,21
progress-aware-quorum-delay,25,13,17,26,1000,20,0,20,21
progress-aware-quorum-delay,25,13,18,26,1000,20,0,20,21
progress-aware-quorum-delay,25,13,19,26,1000,20,0,20,21
progress-aware-quorum-delay,25,13,20,26,1000,20,0,20,21
progress-aware-quorum-delay,25,13,21,26,1000,20,0,20,21
progress-aware-quorum-delay,25,13,22,26,1000,20,0,20,21
progress-aware-quorum-delay,25,13,23,26,1000,20,0,20,21
progress-aware-quorum-delay,25,13,24,26,1000,20,0,20,21
progress-aware-quorum-delay,25,13,25,26,1000,20,0,20,21
progress-aware-quorum-delay,25,13,26,26,1000,20,0,20,21
progress-aware-quorum-delay,25,13,27,26,1000,20,0,20,21
progress-aware-quorum-delay,25,13,28,26,1000,20,0,20,21
progress-aware-quorum-delay,25,13,29,26,1000,20,0,20,21
progress-aware-quorum-delay,25,13,30,26,1000,20,0,20,21
progress-aware-quorum-delay,25,13,31,26,1000,20,0,20,21
progress-aware-quorum-delay,25,13,32,26,1000,20,0,20,21
progress-aware-quorum-delay,25,13,33,26,1000,20,0,20,21
progress-aware-quorum-delay,25,13,34,26,1000,20,0,20,21
progress-aware-quorum-delay,25,13,35,26,1000,20,0,20,21
progress-aware-quorum-delay,25,13,36,26,1000,20,0,20,21
progress-aware-quorum-delay,25,13,37,26,1000,20,0,20,21
progress-aware-quorum-delay,25,13,38,26,1000,20,0,20,21
progress-aware-quorum-delay,25,13,39,26,1000,20,0,20,21
progress-aware-quorum-delay,25,13,40,26,1000,20,0,20,21
progress-aware-quorum-delay,25,13,41,26,1000,20,0,20,21
progress-aware-quorum-delay,25,13,42,26,1000,20,0,20,21
progress-aware-quorum-delay,25,13,43,26,1000,20,0,20,21
progress-aware-quorum-delay,25,13,44,26,1000,20,0,20,21
progress-aware-quorum-delay,25,13,45,26,1000,20,0,20,21
progress-aware-quorum-delay,25,13,46,26,1000,20,0,20,21
progress-aware-quorum-delay,25,13,47,26,1000,20,0,20,21
progress-aware-quorum-delay,25,13,48,26,1000,20,0,20,21
progress-aware-quorum-delay,25,13,49,26,1000,20,0,20,21
progress-aware-quorum-delay,25,13,50,26,1000,20,0,20,21
progress-aware-quorum-delay,25,13,51,26,1000,20,0,20,21
progress-aware-quorum-delay,25,13,52,26,1000,20,0,20,21
progress-aware-quorum-delay,25,13,53,26,1000,20,0,20,21
progress-aware-quorum-delay,25,13,54,26,1000,20,0,20,21
progress-aware-quorum-delay,25,13,55,26,1000,20,0,20,21
progress-aware-quorum-delay,25,13,56,26,1000,20,0,20,21
progress-aware-quorum-delay,25,13,57,26,1000,20,0,20,21
progress-aware-quorum-delay,25,13,58,26,1000,20,0,20,21
progress-aware-quorum-delay,25,13,59,26,1000,20,0,20,21
progress-aware-quorum-delay,25,13,60,26,1000,20,0,20,21
progress-aware-quorum-delay,25,13,61,26,1000,20,0,20,21
progress-aware-quorum-delay,25,13,62,26,1000,20,0,20,21
progress-aware-quorum-delay,25,13,63,26,1000,20,0,20,21
progress-aware-quorum-delay,25,13,64,26,1000,20,0,20,21
progress-aware-quorum-delay,25,13,65,26,1000,20,0,20,21
progress-aware-quorum-delay,25,13,66,26,1000,20,0,20,21
progress-aware-quorum-delay,25,13,67,26,1000,20,0,20,21
progress-aware-quorum-delay,25,13,68,26,1000,20,0,20,21
progress-aware-quorum-delay,25,13,69,26,1000,20,0,20,21
progress-aware-quorum-delay,25,13,70,26,1000,20,0,20,21
progress-aware-quorum-delay,25,13,71,26,1000,20,0,20,21
progress-aware-quorum-delay,25,13,72,26,1000,20,0,20,21
progress-aware-quorum-delay,25,13,73,26,1000,20,0,20,21
progress-aware-quorum-delay,25,13,74,26,1000,20,0,20,21
progress-aware-quorum-delay,25,13,75,26,1000,20,0,20,21
progress-aware-quorum-delay,25,13,76,26,1000,20,0,20,21
progress-aware-quorum-delay,25,13,77,26,1000,20,0,20,21
progress-aware-quorum-delay,25,13,78,26,1000,20,0,20,21
progress-aware-quorum-delay,25,13,79,26,1000,20,0,20,21
progress-aware-quorum-delay,25,13,80,26,1000,20,0,20,21
progress-aware-quorum-delay,25,13,81,26,1000,20,0,20,21
progress-aware-quorum-delay,25,13,82,26,1000,20,0,20,21
progress-aware-quorum-delay,25,13,83,26,1000,20,0,20,21
progress-aware-quorum-delay,25,13,84,26,1000,20,0,20,21
progress-aware-quorum-delay,25,13,85,26,1000,20,0,20,21
progress-aware-quorum-delay,25,13,86,26,1000,20,0,20,21
progress-aware-quorum-delay,25,13,87,26,1000,20,0,20,21
progress-aware-quorum-delay,25,13,88,26,1000,20,0,20,21
progress-aware-quorum-delay,25,13,89,26,1000,20,0,20,21
progress-aware-quorum-delay,25,13,90,26,1000,20,0,20,21
progress-aware-quorum-delay,25,13,91,26,1000,20,0,20,21
progress-aware-quorum-delay,25,13,92,26,1000,20,0,20,21
progress-aware-quorum-delay,25,13,93,26,1000,20,0,20,21
progress-aware-quorum-delay,25,13,94,26,1000,20,0,20,21
progress-aware-quorum-delay,25,13,95,26,1000,20,0,20,21
progress-aware-quorum-delay,25,13,96,26,1000,20,0,20,21
progress-aware-quorum-delay,25,13,97,26,1000,20,0,20,21
progress-aware-quorum-delay,25,13,98,26,1000,20,0,20,21
progress-aware-quorum-delay,25,13,99,26,1000,20,0,20,21
progress-aware-quorum-delay,25,13,100,26,1000,20,0,20,21
progress-aware-quorum-delay,25,13,101,26,1000,20,0,20,21
progress-aware-quorum-delay,25,13,102,26,1000,20,0,20,21
progress-aware-quorum-delay,25,13,103,26,1000,20,0,20,21
progress-aware-quorum-delay,25,13,104,26,1000,20,0,20,21
progress-aware-quorum-delay,25,13,105,26,1000,20,0,20,21
progress-aware-quorum-delay,25,13,106,26,1000,20,0,20,21
progress-aware-quorum-delay,25,13,107,26,1000,20,0,20,21
progress-aware-quorum-delay,25,13,108,26,1000,20,0,20,21
progress-aware-quorum-delay,25,13,109,26,1000,20,0,20,21
progress-aware-quorum-delay,25,13,110,26,1000,20,0,20,21
progress-aware-quorum-delay,25,13,111,26,1000,20,0,20,21
progress-aware-quorum-delay,25,13,112,26,1000,20,0,20,21
progress-aware-quorum-delay,25,13,113,26,1000,20,0,20,21
progress-aware-quorum-delay,25,13,114,26,1000,20,0,20,21
progress-aware-quorum-delay,25,13,115,26,1000,20,0,20,21
progress-aware-quorum-delay,25,13,116,26,1000,20,0,20,21
progress-aware-quorum-delay,25,13,117,26,1000,20,0,20,21
progress-aware-quorum-delay,25,13,118,26,1000,20,0,20,21
progress-aware-quorum-delay,25,13,119,26,1000,20,0,20,21
progress-aware-quorum-delay,25,13,120,26,1000,20,0,20,21
progress-aware-quorum-delay,25,13,121,26,1000,20,0,20,21
progress-aware-quorum-delay,25,13,122,26,1000,20,0,20,21
progress-aware-quorum-delay,25,13,123,26,1000,20,0,20,21
progress-aware-quorum-delay,25,13,124,26,1000,20,0,20,21
progress-aware-quorum-delay,25,13,125,26,1000,20,0,20,21
progress-aware-quorum-delay,25,13,126,26,1000,20,0,20,21
progress-aware-quorum-delay,25,13,127,26,1000,20,0,20,21
progress-aware-quorum-delay,25,13,128,26,1000,20,0,20,21
progress-aware-quorum-delay,25,13,129,26,1000,20,0,20,21
progress-aware-quorum-delay,25,13,130,26,1000,20,0,20,21
progress-aware-quorum-delay,25,13,131,26,1000,20,0,20,21
progress-aware-quorum-delay,25,13,132,26,1000,20,0,20,21
progress-aware-quorum-delay,25,13,133,26,1000,20,0,20,21
progress-aware-quorum-delay,25,13,134,26,1000,20,0,20,21
progress-aware-quorum-delay,25,13,135,26,1000,20,0,20,21
progress-aware-quorum-delay,25,13,136,26,1000,20,0,20,21
progress-aware-quorum-delay,25,13,137,26,1000,20,0,20,21
progress-aware-quorum-delay,25,13,138,26,1000,20,0,20,21
progress-aware-quorum-delay,25,13,139,26,1000,20,0,20,21
progress-aware-quorum-delay,25,13,140,26,1000,20,0,20,21
progress-aware-quorum-delay,25,13,141,26,1000,20,0,20,21
progress-aware-quorum-delay,25,13,142,26,1000,20,0,20,21
progress-aware-quorum-delay,25,13,143,26,1000,20,0,20,21
progress-aware-quorum-delay,25,13,144,26,1000,20,0,20,21
progress-aware-quorum-delay,25,13,145,26,1000,20,0,20,21
progress-aware-quorum-delay,25,13,146,26,1000,20,0,20,21
progress-aware-quorum-delay,25,13,147,26,1000,20,0,20,21
progress-aware-quorum-delay,25,13,148,26,1000,20,0,20,21
progress-aware-quorum-delay,25,13,149,26,1000,20,0,20,21
progress-aware-quorum-delay,25,13,150,26,1000,20,0,20,21
progress-aware-quorum-delay,25,13,151,26,1000,20,0,20,21
progress-aware-quorum-delay,25,13,152,26,1000,20,0,20,21
progress-aware-quorum-delay,25,13,153,26,1000,20,0,20,21
progress-aware-quorum-delay,25,13,154,26,1000,20,0,20,21
progress-aware-quorum-delay,25,13,155,26,1000,20,0,20,21
progress-aware-quorum-delay,25,13,156,26,1000,20,0,20,21
progress-aware-quorum-delay,25,13,157,26,1000,20,0,20,21
progress-aware-quorum-delay,25,13,158,26,1000,20,0,20,21
progress-aware-quorum-delay,25,13,159,26,1000,20,0,20,21
progress-aware-quorum-delay,25,13,160,26,1000,20,0,20,21
progress-aware-quorum-delay,25,13,161,26,1000,20,0,20,21
progress-aware-quorum-delay,25,13,162,26,1000,20,0,20,21
progress-aware-quorum-delay,25,13,163,26,1000,20,0,20,21
progress-aware-quorum-delay,25,13,164,26,1000,20,0,20,21
progress-aware-quorum-delay,25,13,165,26,1000,20,0,20,21
progress-aware-quorum-delay,25,13,166,26,1000,20,0,20,21
progress-aware-quorum-delay,25,13,167,26,1000,20,0,20,21
progress-aware-quorum-delay,25,13,168,26,1000,20,0,20,21
progress-aware-quorum-delay,25,13,169,26,1000,20,0,20,21
progress-aware-quorum-delay,25,13,170,26,1000,20,0,20,21
progress-aware-quorum-delay,25,13,171,26,1000,20,0,20,21
progress-aware-quorum-delay,25,13,172,26,1000,20,0,20,21
progress-aware-quorum-delay,25,13,173,26,1000,20,0,20,21
progress-aware-quorum-delay,25,13,174,26,1000,20,0,20,21
progress-aware-quorum-delay,25,13,175,26,1000,20,0,20,21
progress-aware-quorum-delay,25,13,176,26,1000,20,0,20,21
progress-aware-quorum-delay,25,13,177,26,1000,20,0,20,21
progress-aware-quorum-delay,25,13,178,26,1000,20,0,20,21
progress-aware-quorum-delay,25,13,179,26,1000,20,0,20,21
progress-aware-quorum-delay,25,13,180,26,1000,20,0,20,21
progress-aware-quorum-delay,25,13,181,26,1000,20,0,20,21
progress-aware-quorum-delay,25,13,182,26,1000,20,0,20,21
progress-aware-quorum-delay,25,13,183,26,1000,20,0,20,21
progress-aware-quorum-delay,25,13,184,26,1000,20,0,20,21
progress-aware-quorum-delay,25,13,185,26,1000,20,0,20,21
progress-aware-quorum-delay,25,13,186,26,1000,20,0,20,21
progress-aware-quorum-delay,25,13,187,26,1000,20,0,20,21
progress-aware-quorum-delay,25,13,188,26,1000,20,0,20,21
progress-aware-quorum-delay,25,13,189,26,1000,20,0,20,21
progress-aware-quorum-delay,25,13,190,26,1000,20,0,20,21
progress-aware-quorum-delay,25,13,191,26,1000,20,0,20,21
progress-aware-quorum-delay,25,13,192,26,1000,20,0,20,21
progress-aware-quorum-delay,25,13,193,26,1000,20,0,20,21
progress-aware-quorum-delay,25,13,194,26,1000,20,0,20,21
progress-aware-quorum-delay,25,13,195,26,1000,20,0,20,21
progress-aware-quorum-delay,25,13,196,26,1000,20,0,20,21
progress-aware-quorum-delay,25,13,197,26,1000,20,0,20,21
progress-aware-quorum-delay,25,13,198,26,1000,20,0,20,21
progress-aware-quorum-delay,25,13,199,26,1000,20,0,20,21
progress-aware-quorum-delay,25,13,200,26,1000,20,0,20,21
