scheduler,n,quorum,surplus,seed,k,p,T,steps,timeouts,decisions,retries,max_ballot,reached_step_cap,safety
prob-interleaved-uniform-budget-delay,25,13,12,1,120,0.2,100,129,0,1,0,0,false,false
prob-interleaved-uniform-budget-delay,25,13,12,2,120,0.2,100,125,0,1,0,0,false,false
prob-interleaved-uniform-budget-delay,25,13,12,3,120,0.2,100,120,0,1,0,0,false,false
prob-interleaved-uniform-budget-delay,25,13,12,4,120,0.2,100,123,0,1,0,0,false,false
prob-interleaved-uniform-budget-delay,25,13,12,5,120,0.2,100,126,0,1,0,0,false,false
prob-interleaved-uniform-budget-delay,25,13,12,6,120,0.2,100,138,0,1,0,0,false,false
prob-interleaved-uniform-budget-delay,25,13,12,7,120,0.2,100,136,0,1,0,0,false,false
prob-interleaved-uniform-budget-delay,25,13,12,8,120,0.2,100,116,0,1,0,0,false,false
prob-interleaved-uniform-budget-delay,25,13,12,9,120,0.2,100,128,0,1,0,0,false,false
prob-interleaved-uniform-budget-delay,25,13,12,10,120,0.2,100,129,0,1,0,0,false,false
prob-interleaved-uniform-budget-delay,25,13,12,11,120,0.2,100,123,0,1,0,0,false,false
prob-interleaved-uniform-budget-delay,25,13,12,12,120,0.2,100,126,0,1,0,0,false,false
prob-interleaved-uniform-budget-delay,25,13,12,13,120,0.2,100,120,0,1,0,0,false,false
prob-interleaved-uniform-budget-delay,25,13,12,14,120,0.2,100,126,0,1,0,0,false,false
prob-interleaved-uniform-budget-delay,25,13,12,15,120,0.2,100,132,0,1,0,0,false,false
prob-interleaved-uniform-budget-delay,25,13,12,16,120,0.2,100,123,0,1,0,0,false,false
prob-interleaved-uniform-budget-delay,25,13,12,17,120,0.2,100,127,0,1,0,0,false,false
prob-interleaved-uniform-budget-delay,25,13,12,18,120,0.2,100,123,0,1,0,0,false,false
prob-interleaved-uniform-budget-delay,25,13,12,19,120,0.2,100,132,0,1,0,0,false,false
prob-interleaved-uniform-budget-delay,25,13,12,20,120,0.2,100,127,0,1,0,0,false,false
prob-interleaved-uniform-budget-delay,25,13,12,21,120,0.2,100,127,0,1,0,0,false,false
prob-interleaved-uniform-budget-delay,25,13,12,22,120,0.2,100,119,0,1,0,0,false,false
prob-interleaved-uniform-budget-delay,25,13,12,23,120,0.2,100,133,0,1,0,0,false,false
prob-interleaved-uniform-budget-delay,25,13,12,24,120,0.2,100,127,0,1,0,0,false,false
prob-interleaved-uniform-budget-delay,25,13,12,25,120,0.2,100,131,0,1,0,0,false,false
prob-interleaved-uniform-budget-delay,25,13,12,26,120,0.2,100,124,0,1,0,0,false,false
prob-interleaved-uniform-budget-delay,25,13,12,27,120,0.2,100,123,0,1,0,0,false,false
prob-interleaved-uniform-budget-delay,25,13,12,28,120,0.2,100,130,0,1,0,0,false,false
prob-interleaved-uniform-budget-delay,25,13,12,29,120,0.2,100,122,0,1,0,0,false,false
prob-interleaved-uniform-budget-delay,25,13,12,30,120,0.2,100,132,0,1,0,0,false,false
prob-interleaved-uniform-budget-delay,25,13,12,31,120,0.2,100,120,0,1,0,0,false,false
prob-interleaved-uniform-budget-delay,25,13,12,32,120,0.2,100,116,0,1,0,0,false,false
prob-interleaved-uniform-budget-delay,25,13,12,33,120,0.2,100,136,0,1,0,0,false,false
prob-interleaved-uniform-budget-delay,25,13,12,34,120,0.2,100,125,0,1,0,0,false,false
prob-interleaved-uniform-budget-delay,25,13,12,35,120,0.2,100,116,0,1,0,0,false,false
prob-interleaved-uniform-budget-delay,25,13,12,36,120,0.2,100,130,0,1,0,0,false,false
prob-interleaved-uniform-budget-delay,25,13,12,37,120,0.2,100,123,0,1,0,0,false,false
prob-interleaved-uniform-budget-delay,25,13,12,38,120,0.2,100,124,0,1,0,0,false,false
prob-interleaved-uniform-budget-delay,25,13,12,39,120,0.2,100,127,0,1,0,0,false,false
prob-interleaved-uniform-budget-delay,25,13,12,40,120,0.2,100,119,0,1,0,0,false,false
prob-interleaved-uniform-budget-delay,25,13,12,41,120,0.2,100,126,0,1,0,0,false,false
prob-interleaved-uniform-budget-delay,25,13,12,42,120,0.2,100,132,0,1,0,0,false,false
prob-interleaved-uniform-budget-delay,25,13,12,43,120,0.2,100,128,0,1,0,0,false,false
prob-interleaved-uniform-budget-delay,25,13,12,44,120,0.2,100,129,0,1,0,0,false,false
prob-interleaved-uniform-budget-delay,25,13,12,45,120,0.2,100,127,0,1,0,0,false,false
prob-interleaved-uniform-budget-delay,25,13,12,46,120,0.2,100,124,0,1,0,0,false,false
prob-interleaved-uniform-budget-delay,25,13,12,47,120,0.2,100,134,0,1,0,0,false,false
prob-interleaved-uniform-budget-delay,25,13,12,48,120,0.2,100,132,0,1,0,0,false,false
prob-interleaved-uniform-budget-delay,25,13,12,49,120,0.2,100,123,0,1,0,0,false,false
prob-interleaved-uniform-budget-delay,25,13,12,50,120,0.2,100,125,0,1,0,0,false,false
prob-interleaved-uniform-budget-delay,25,13,12,51,120,0.2,100,122,0,1,0,0,false,false
prob-interleaved-uniform-budget-delay,25,13,12,52,120,0.2,100,135,0,1,0,0,false,false
prob-interleaved-uniform-budget-delay,25,13,12,53,120,0.2,100,131,0,1,0,0,false,false
prob-interleaved-uniform-budget-delay,25,13,12,54,120,0.2,100,128,0,1,0,0,false,false
prob-interleaved-uniform-budget-delay,25,13,12,55,120,0.2,100,127,0,1,0,0,false,false
prob-interleaved-uniform-budget-delay,25,13,12,56,120,0.2,100,120,0,1,0,0,false,false
prob-interleaved-uniform-budget-delay,25,13,12,57,120,0.2,100,115,0,1,0,0,false,false
prob-interleaved-uniform-budget-delay,25,13,12,58,120,0.2,100,125,0,1,0,0,false,false
prob-interleaved-uniform-budget-delay,25,13,12,59,120,0.2,100,125,0,1,0,0,false,false
prob-interleaved-uniform-budget-delay,25,13,12,60,120,0.2,100,124,0,1,0,0,false,false
prob-interleaved-uniform-budget-delay,25,13,12,61,120,0.2,100,131,0,1,0,0,false,false
prob-interleaved-uniform-budget-delay,25,13,12,62,120,0.2,100,135,0,1,0,0,false,false
prob-interleaved-uniform-budget-delay,25,13,12,63,120,0.2,100,128,0,1,0,0,false,false
prob-interleaved-uniform-budget-delay,25,13,12,64,120,0.2,100,120,0,1,0,0,false,false
prob-interleaved-uniform-budget-delay,25,13,12,65,120,0.2,100,131,0,1,0,0,false,false
prob-interleaved-uniform-budget-delay,25,13,12,66,120,0.2,100,120,0,1,0,0,false,false
prob-interleaved-uniform-budget-delay,25,13,12,67,120,0.2,100,134,0,1,0,0,false,false
prob-interleaved-uniform-budget-delay,25,13,12,68,120,0.2,100,128,0,1,0,0,false,false
prob-interleaved-uniform-budget-delay,25,13,12,69,120,0.2,100,127,0,1,0,0,false,false
prob-interleaved-uniform-budget-delay,25,13,12,70,120,0.2,100,133,0,1,0,0,false,false
prob-interleaved-uniform-budget-delay,25,13,12,71,120,0.2,100,115,0,1,0,0,false,false
prob-interleaved-uniform-budget-delay,25,13,12,72,120,0.2,100,131,0,1,0,0,false,false
prob-interleaved-uniform-budget-delay,25,13,12,73,120,0.2,100,121,0,1,0,0,false,false
prob-interleaved-uniform-budget-delay,25,13,12,74,120,0.2,100,129,0,1,0,0,false,false
prob-interleaved-uniform-budget-delay,25,13,12,75,120,0.2,100,125,0,1,0,0,false,false
prob-interleaved-uniform-budget-delay,25,13,12,76,120,0.2,100,129,0,1,0,0,false,false
prob-interleaved-uniform-budget-delay,25,13,12,77,120,0.2,100,120,0,1,0,0,false,false
prob-interleaved-uniform-budget-delay,25,13,12,78,120,0.2,100,122,0,1,0,0,false,false
prob-interleaved-uniform-budget-delay,25,13,12,79,120,0.2,100,126,0,1,0,0,false,false
prob-interleaved-uniform-budget-delay,25,13,12,80,120,0.2,100,137,0,1,0,0,false,false
prob-interleaved-uniform-budget-delay,25,13,12,81,120,0.2,100,123,0,1,0,0,false,false
prob-interleaved-uniform-budget-delay,25,13,12,82,120,0.2,100,128,0,1,0,0,false,false
prob-interleaved-uniform-budget-delay,25,13,12,83,120,0.2,100,122,0,1,0,0,false,false
prob-interleaved-uniform-budget-delay,25,13,12,84,120,0.2,100,123,0,1,0,0,false,false
prob-interleaved-uniform-budget-delay,25,13,12,85,120,0.2,100,132,0,1,0,0,false,false
prob-interleaved-uniform-budget-delay,25,13,12,86,120,0.2,100,130,0,1,0,0,false,false
prob-interleaved-uniform-budget-delay,25,13,12,87,120,0.2,100,124,0,1,0,0,false,false
prob-interleaved-uniform-budget-delay,25,13,12,88,120,0.2,100,121,0,1,0,0,false,false
prob-interleaved-uniform-budget-delay,25,13,12,89,120,0.2,100,129,0,1,0,0,false,false
prob-interleaved-uniform-budget-delay,25,13,12,90,120,0.2,100,133,0,1,0,0,false,false
prob-interleaved-uniform-budget-delay,25,13,12,91,120,0.2,100,128,0,1,0,0,false,false
prob-interleaved-uniform-budget-delay,25,13,12,92,120,0.2,100,118,0,1,0,0,false,false
prob-interleaved-uniform-budget-delay,25,13,12,93,120,0.2,100,124,0,1,0,0,false,false
prob-interleaved-uniform-budget-delay,25,13,12,94,120,0.2,100,132,0,1,0,0,false,false
prob-interleaved-uniform-budget-delay,25,13,12,95,120,0.2,100,131,0,1,0,0,false,false
prob-interleaved-uniform-budget-delay,25,13,12,96,120,0.2,100,124,0,1,0,0,false,false
prob-interleaved-uniform-budget-delay,25,13,12,97,120,0.2,100,121,0,1,0,0,false,false
prob-interleaved-uniform-budget-delay,25,13,12,98,120,0.2,100,127,0,1,0,0,false,false
prob-interleaved-uniform-budget-delay,25,13,12,99,120,0.2,100,132,0,1,0,0,false,false
prob-interleaved-uniform-budget-delay,25,13,12,100,120,0.2,100,117,0,1,0,0,false,false
prob-interleaved-uniform-budget-delay,25,13,12,101,120,0.2,100,127,0,1,0,0,false,false
prob-interleaved-uniform-budget-delay,25,13,12,102,120,0.2,100,128,0,1,0,0,false,false
prob-interleaved-uniform-budget-delay,25,13,12,103,120,0.2,100,124,0,1,0,0,false,false
prob-interleaved-uniform-budget-delay,25,13,12,104,120,0.2,100,133,0,1,0,0,false,false
prob-interleaved-uniform-budget-delay,25,13,12,105,120,0.2,100,116,0,1,0,0,false,false
prob-interleaved-uniform-budget-delay,25,13,12,106,120,0.2,100,135,0,1,0,0,false,false
prob-interleaved-uniform-budget-delay,25,13,12,107,120,0.2,100,126,0,1,0,0,false,false
prob-interleaved-uniform-budget-delay,25,13,12,108,120,0.2,100,129,0,1,0,0,false,false
prob-interleaved-uniform-budget-delay,25,13,12,109,120,0.2,100,120,0,1,0,0,false,false
prob-interleaved-uniform-budget-delay,25,13,12,110,120,0.2,100,128,0,1,0,0,false,false
prob-interleaved-uniform-budget-delay,25,13,12,111,120,0.2,100,133,0,1,0,0,false,false
prob-interleaved-uniform-budget-delay,25,13,12,112,120,0.2,100,128,0,1,0,0,false,false
prob-interleaved-uniform-budget-delay,25,13,12,113,120,0.2,100,128,0,1,0,0,false,false
prob-interleaved-uniform-budget-delay,25,13,12,114,120,0.2,100,143,0,1,0,0,false,false
prob-interleaved-uniform-budget-delay,25,13,12,115,120,0.2,100,130,0,1,0,0,false,false
prob-interleaved-uniform-budget-delay,25,13,12,116,120,0.2,100,124,0,1,0,0,false,false
prob-interleaved-uniform-budget-delay,25,13,12,117,120,0.2,100,124,0,1,0,0,false,false
prob-interleaved-uniform-budget-delay,25,13,12,118,120,0.2,100,127,0,1,0,0,false,false
prob-interleaved-uniform-budget-delay,25,13,12,119,120,0.2,100,140,0,1,0,0,false,false
prob-interleaved-uniform-budget-delay,25,13,12,120,120,0.2,100,125,0,1,0,0,false,false
prob-interleaved-uniform-budget-delay,25,13,12,121,120,0.2,100,122,0,1,0,0,false,false
prob-interleaved-uniform-budget-delay,25,13,12,122,120,0.2,100,130,0,1,0,0,false,false
prob-interleaved-uniform-budget-delay,25,13,12,123,120,0.2,100,131,0,1,0,0,false,false
prob-interleaved-uniform-budget-delay,25,13,12,124,120,0.2,100,119,0,1,0,0,false,false
prob-interleaved-uniform-budget-delay,25,13,12,125,120,0.2,100,119,0,1,0,0,false,false
prob-interleaved-uniform-budget-delay,25,13,12,126,120,0.2,100,122,0,1,0,0,false,false
prob-interleaved-uniform-budget-delay,25,13,12,127,120,0.2,100,127,0,1,0,0,false,false
prob-interleaved-uniform-budget-delay,25,13,12,128,120,0.2,100,128,0,1,0,0,false,false
prob-interleaved-uniform-budget-delay,25,13,12,129,120,0.2,100,130,0,1,0,0,false,false
prob-interleaved-uniform-budget-delay,25,13,12,130,120,0.2,100,120,0,1,0,0,false,false
prob-interleaved-uniform-budget-delay,25,13,12,131,120,0.2,100,124,0,1,0,0,false,false
prob-interleaved-uniform-budget-delay,25,13,12,132,120,0.2,100,119,0,1,0,0,false,false
prob-interleaved-uniform-budget-delay,25,13,12,133,120,0.2,100,127,0,1,0,0,false,false
prob-interleaved-uniform-budget-delay,25,13,12,134,120,0.2,100,120,0,1,0,0,false,false
prob-interleaved-uniform-budget-delay,25,13,12,135,120,0.2,100,120,0,1,0,0,false,false
prob-interleaved-uniform-budget-delay,25,13,12,136,120,0.2,100,125,0,1,0,0,false,false
prob-interleaved-uniform-budget-delay,25,13,12,137,120,0.2,100,124,0,1,0,0,false,false
prob-interleaved-uniform-budget-delay,25,13,12,138,120,0.2,100,129,0,1,0,0,false,false
prob-interleaved-uniform-budget-delay,25,13,12,139,120,0.2,100,125,0,1,0,0,false,false
prob-interleaved-uniform-budget-delay,25,13,12,140,120,0.2,100,124,0,1,0,0,false,false
prob-interleaved-uniform-budget-delay,25,13,12,141,120,0.2,100,125,0,1,0,0,false,false
prob-interleaved-uniform-budget-delay,25,13,12,142,120,0.2,100,131,0,1,0,0,false,false
prob-interleaved-uniform-budget-delay,25,13,12,143,120,0.2,100,119,0,1,0,0,false,false
prob-interleaved-uniform-budget-delay,25,13,12,144,120,0.2,100,131,0,1,0,0,false,false
prob-interleaved-uniform-budget-delay,25,13,12,145,120,0.2,100,128,0,1,0,0,false,false
prob-interleaved-uniform-budget-delay,25,13,12,146,120,0.2,100,113,0,1,0,0,false,false
prob-interleaved-uniform-budget-delay,25,13,12,147,120,0.2,100,127,0,1,0,0,false,false
prob-interleaved-uniform-budget-delay,25,13,12,148,120,0.2,100,121,0,1,0,0,false,false
prob-interleaved-uniform-budget-delay,25,13,12,149,120,0.2,100,124,0,1,0,0,false,false
prob-interleaved-uniform-budget-delay,25,13,12,150,120,0.2,100,135,0,1,0,0,false,false
prob-interleaved-uniform-budget-delay,25,13,12,151,120,0.2,100,126,0,1,0,0,false,false
prob-interleaved-uniform-budget-delay,25,13,12,152,120,0.2,100,131,0,1,0,0,false,false
prob-interleaved-uniform-budget-delay,25,13,12,153,120,0.2,100,120,0,1,0,0,false,false
prob-interleaved-uniform-budget-delay,25,13,12,154,120,0.2,100,130,0,1,0,0,false,false
prob-interleaved-uniform-budget-delay,25,13,12,155,120,0.2,100,125,0,1,0,0,false,false
prob-interleaved-uniform-budget-delay,25,13,12,156,120,0.2,100,130,0,1,0,0,false,false
prob-interleaved-uniform-budget-delay,25,13,12,157,120,0.2,100,122,0,1,0,0,false,false
prob-interleaved-uniform-budget-delay,25,13,12,158,120,0.2,100,122,0,1,0,0,false,false
prob-interleaved-uniform-budget-delay,25,13,12,159,120,0.2,100,138,0,1,0,0,false,false
prob-interleaved-uniform-budget-delay,25,13,12,160,120,0.2,100,121,0,1,0,0,false,false
prob-interleaved-uniform-budget-delay,25,13,12,161,120,0.2,100,120,0,1,0,0,false,false
prob-interleaved-uniform-budget-delay,25,13,12,162,120,0.2,100,122,0,1,0,0,false,false
prob-interleaved-uniform-budget-delay,25,13,12,163,120,0.2,100,134,0,1,0,0,false,false
prob-interleaved-uniform-budget-delay,25,13,12,164,120,0.2,100,131,0,1,0,0,false,false
prob-interleaved-uniform-budget-delay,25,13,12,165,120,0.2,100,124,0,1,0,0,false,false
prob-interleaved-uniform-budget-delay,25,13,12,166,120,0.2,100,127,0,1,0,0,false,false
prob-interleaved-uniform-budget-delay,25,13,12,167,120,0.2,100,129,0,1,0,0,false,false
prob-interleaved-uniform-budget-delay,25,13,12,168,120,0.2,100,123,0,1,0,0,false,false
prob-interleaved-uniform-budget-delay,25,13,12,169,120,0.2,100,129,0,1,0,0,false,false
prob-interleaved-uniform-budget-delay,25,13,12,170,120,0.2,100,130,0,1,0,0,false,false
prob-interleaved-uniform-budget-delay,25,13,12,171,120,0.2,100,138,0,1,0,0,false,false
prob-interleaved-uniform-budget-delay,25,13,12,172,120,0.2,100,132,0,1,0,0,false,false
prob-interleaved-uniform-budget-delay,25,13,12,173,120,0.2,100,121,0,1,0,0,false,false
prob-interleaved-uniform-budget-delay,25,13,12,174,120,0.2,100,118,0,1,0,0,false,false
prob-interleaved-uniform-budget-delay,25,13,12,175,120,0.2,100,128,0,1,0,0,false,false
prob-interleaved-uniform-budget-delay,25,13,12,176,120,0.2,100,123,0,1,0,0,false,false
prob-interleaved-uniform-budget-delay,25,13,12,177,120,0.2,100,126,0,1,0,0,false,false
prob-interleaved-uniform-budget-delay,25,13,12,178,120,0.2,100,125,0,1,0,0,false,false
prob-interleaved-uniform-budget-delay,25,13,12,179,120,0.2,100,124,0,1,0,0,false,false
prob-interleaved-uniform-budget-delay,25,13,12,180,120,0.2,100,127,0,1,0,0,false,false
prob-interleaved-uniform-budget-delay,25,13,12,181,120,0.2,100,121,0,1,0,0,false,false
prob-interleaved-uniform-budget-delay,25,13,12,182,120,0.2,100,143,0,1,0,0,false,false
prob-interleaved-uniform-budget-delay,25,13,12,183,120,0.2,100,129,0,1,0,0,false,false
prob-interleaved-uniform-budget-delay,25,13,12,184,120,0.2,100,120,0,1,0,0,false,false
prob-interleaved-uniform-budget-delay,25,13,12,185,120,0.2,100,126,0,1,0,0,false,false
prob-interleaved-uniform-budget-delay,25,13,12,186,120,0.2,100,136,0,1,0,0,false,false
prob-interleaved-uniform-budget-delay,25,13,12,187,120,0.2,100,122,0,1,0,0,false,false
prob-interleaved-uniform-budget-delay,25,13,12,188,120,0.2,100,119,0,1,0,0,false,false
prob-interleaved-uniform-budget-delay,25,13,12,189,120,0.2,100,128,0,1,0,0,false,false
prob-interleaved-uniform-budget-delay,25,13,12,190,120,0.2,100,125,0,1,0,0,false,false
prob-interleaved-uniform-budget-delay,25,13,12,191,120,0.2,100,126,0,1,0,0,false,false
prob-interleaved-uniform-budget-delay,25,13,12,192,120,0.2,100,138,0,1,0,0,false,false
prob-interleaved-uniform-budget-delay,25,13,12,193,120,0.2,100,127,0,1,0,0,false,false
prob-interleaved-uniform-budget-delay,25,13,12,194,120,0.2,100,124,0,1,0,0,false,false
prob-interleaved-uniform-budget-delay,25,13,12,195,120,0.2,100,128,0,1,0,0,false,false
prob-interleaved-uniform-budget-delay,25,13,12,196,120,0.2,100,128,0,1,0,0,false,false
prob-interleaved-uniform-budget-delay,25,13,12,197,120,0.2,100,124,0,1,0,0,false,false
prob-interleaved-uniform-budget-delay,25,13,12,198,120,0.2,100,123,0,1,0,0,false,false
prob-interleaved-uniform-budget-delay,25,13,12,199,120,0.2,100,126,0,1,0,0,false,false
prob-interleaved-uniform-budget-delay,25,13,12,200,120,0.2,100,142,0,1,0,0,false,false
progress-aware-quorum-delay,25,13,12,1,120,0.2,100,321,2,1,2,3,false,false
progress-aware-quorum-delay,25,13,12,2,120,0.2,100,321,2,1,2,3,false,false
progress-aware-quorum-delay,25,13,12,3,120,0.2,100,321,2,1,2,3,false,false
progress-aware-quorum-delay,25,13,12,4,120,0.2,100,321,2,1,2,3,false,false
progress-aware-quorum-delay,25,13,12,5,120,0.2,100,321,2,1,2,3,false,false
progress-aware-quorum-delay,25,13,12,6,120,0.2,100,321,2,1,2,3,false,false
progress-aware-quorum-delay,25,13,12,7,120,0.2,100,321,2,1,2,3,false,false
progress-aware-quorum-delay,25,13,12,8,120,0.2,100,321,2,1,2,3,false,false
progress-aware-quorum-delay,25,13,12,9,120,0.2,100,321,2,1,2,3,false,false
progress-aware-quorum-delay,25,13,12,10,120,0.2,100,321,2,1,2,3,false,false
progress-aware-quorum-delay,25,13,12,11,120,0.2,100,321,2,1,2,3,false,false
progress-aware-quorum-delay,25,13,12,12,120,0.2,100,321,2,1,2,3,false,false
progress-aware-quorum-delay,25,13,12,13,120,0.2,100,321,2,1,2,3,false,false
progress-aware-quorum-delay,25,13,12,14,120,0.2,100,321,2,1,2,3,false,false
progress-aware-quorum-delay,25,13,12,15,120,0.2,100,321,2,1,2,3,false,false
progress-aware-quorum-delay,25,13,12,16,120,0.2,100,321,2,1,2,3,false,false
progress-aware-quorum-delay,25,13,12,17,120,0.2,100,321,2,1,2,3,false,false
progress-aware-quorum-delay,25,13,12,18,120,0.2,100,321,2,1,2,3,false,false
progress-aware-quorum-delay,25,13,12,19,120,0.2,100,321,2,1,2,3,false,false
progress-aware-quorum-delay,25,13,12,20,120,0.2,100,321,2,1,2,3,false,false
progress-aware-quorum-delay,25,13,12,21,120,0.2,100,321,2,1,2,3,false,false
progress-aware-quorum-delay,25,13,12,22,120,0.2,100,321,2,1,2,3,false,false
progress-aware-quorum-delay,25,13,12,23,120,0.2,100,321,2,1,2,3,false,false
progress-aware-quorum-delay,25,13,12,24,120,0.2,100,321,2,1,2,3,false,false
progress-aware-quorum-delay,25,13,12,25,120,0.2,100,321,2,1,2,3,false,false
progress-aware-quorum-delay,25,13,12,26,120,0.2,100,321,2,1,2,3,false,false
progress-aware-quorum-delay,25,13,12,27,120,0.2,100,321,2,1,2,3,false,false
progress-aware-quorum-delay,25,13,12,28,120,0.2,100,321,2,1,2,3,false,false
progress-aware-quorum-delay,25,13,12,29,120,0.2,100,321,2,1,2,3,false,false
progress-aware-quorum-delay,25,13,12,30,120,0.2,100,321,2,1,2,3,false,false
progress-aware-quorum-delay,25,13,12,31,120,0.2,100,321,2,1,2,3,false,false
progress-aware-quorum-delay,25,13,12,32,120,0.2,100,321,2,1,2,3,false,false
progress-aware-quorum-delay,25,13,12,33,120,0.2,100,321,2,1,2,3,false,false
progress-aware-quorum-delay,25,13,12,34,120,0.2,100,321,2,1,2,3,false,false
progress-aware-quorum-delay,25,13,12,35,120,0.2,100,321,2,1,2,3,false,false
progress-aware-quorum-delay,25,13,12,36,120,0.2,100,321,2,1,2,3,false,false
progress-aware-quorum-delay,25,13,12,37,120,0.2,100,321,2,1,2,3,false,false
progress-aware-quorum-delay,25,13,12,38,120,0.2,100,321,2,1,2,3,false,false
progress-aware-quorum-delay,25,13,12,39,120,0.2,100,321,2,1,2,3,false,false
progress-aware-quorum-delay,25,13,12,40,120,0.2,100,321,2,1,2,3,false,false
progress-aware-quorum-delay,25,13,12,41,120,0.2,100,321,2,1,2,3,false,false
progress-aware-quorum-delay,25,13,12,42,120,0.2,100,321,2,1,2,3,false,false
progress-aware-quorum-delay,25,13,12,43,120,0.2,100,321,2,1,2,3,false,false
progress-aware-quorum-delay,25,13,12,44,120,0.2,100,321,2,1,2,3,false,false
progress-aware-quorum-delay,25,13,12,45,120,0.2,100,321,2,1,2,3,false,false
progress-aware-quorum-delay,25,13,12,46,120,0.2,100,321,2,1,2,3,false,false
progress-aware-quorum-delay,25,13,12,47,120,0.2,100,321,2,1,2,3,false,false
progress-aware-quorum-delay,25,13,12,48,120,0.2,100,321,2,1,2,3,false,false
progress-aware-quorum-delay,25,13,12,49,120,0.2,100,321,2,1,2,3,false,false
progress-aware-quorum-delay,25,13,12,50,120,0.2,100,321,2,1,2,3,false,false
progress-aware-quorum-delay,25,13,12,51,120,0.2,100,321,2,1,2,3,false,false
progress-aware-quorum-delay,25,13,12,52,120,0.2,100,321,2,1,2,3,false,false
progress-aware-quorum-delay,25,13,12,53,120,0.2,100,321,2,1,2,3,false,false
progress-aware-quorum-delay,25,13,12,54,120,0.2,100,321,2,1,2,3,false,false
progress-aware-quorum-delay,25,13,12,55,120,0.2,100,321,2,1,2,3,false,false
progress-aware-quorum-delay,25,13,12,56,120,0.2,100,321,2,1,2,3,false,false
progress-aware-quorum-delay,25,13,12,57,120,0.2,100,321,2,1,2,3,false,false
progress-aware-quorum-delay,25,13,12,58,120,0.2,100,321,2,1,2,3,false,false
progress-aware-quorum-delay,25,13,12,59,120,0.2,100,321,2,1,2,3,false,false
progress-aware-quorum-delay,25,13,12,60,120,0.2,100,321,2,1,2,3,false,false
progress-aware-quorum-delay,25,13,12,61,120,0.2,100,321,2,1,2,3,false,false
progress-aware-quorum-delay,25,13,12,62,120,0.2,100,321,2,1,2,3,false,false
progress-aware-quorum-delay,25,13,12,63,120,0.2,100,321,2,1,2,3,false,false
progress-aware-quorum-delay,25,13,12,64,120,0.2,100,321,2,1,2,3,false,false
progress-aware-quorum-delay,25,13,12,65,120,0.2,100,321,2,1,2,3,false,false
progress-aware-quorum-delay,25,13,12,66,120,0.2,100,321,2,1,2,3,false,false
progress-aware-quorum-delay,25,13,12,67,120,0.2,100,321,2,1,2,3,false,false
progress-aware-quorum-delay,25,13,12,68,120,0.2,100,321,2,1,2,3,false,false
progress-aware-quorum-delay,25,13,12,69,120,0.2,100,321,2,1,2,3,false,false
progress-aware-quorum-delay,25,13,12,70,120,0.2,100,321,2,1,2,3,false,false
progress-aware-quorum-delay,25,13,12,71,120,0.2,100,321,2,1,2,3,false,false
progress-aware-quorum-delay,25,13,12,72,120,0.2,100,321,2,1,2,3,false,false
progress-aware-quorum-delay,25,13,12,73,120,0.2,100,321,2,1,2,3,false,false
progress-aware-quorum-delay,25,13,12,74,120,0.2,100,321,2,1,2,3,false,false
progress-aware-quorum-delay,25,13,12,75,120,0.2,100,321,2,1,2,3,false,false
progress-aware-quorum-delay,25,13,12,76,120,0.2,100,321,2,1,2,3,false,false
progress-aware-quorum-delay,25,13,12,77,120,0.2,100,321,2,1,2,3,false,false
progress-aware-quorum-delay,25,13,12,78,120,0.2,100,321,2,1,2,3,false,false
progress-aware-quorum-delay,25,13,12,79,120,0.2,100,321,2,1,2,3,false,false
progress-aware-quorum-delay,25,13,12,80,120,0.2,100,321,2,1,2,3,false,false
progress-aware-quorum-delay,25,13,12,81,120,0.2,100,321,2,1,2,3,false,false
progress-aware-quorum-delay,25,13,12,82,120,0.2,100,321,2,1,2,3,false,false
progress-aware-quorum-delay,25,13,12,83,120,0.2,100,321,2,1,2,3,false,false
progress-aware-quorum-delay,25,13,12,84,120,0.2,100,321,2,1,2,3,false,false
progress-aware-quorum-delay,25,13,12,85,120,0.2,100,321,2,1,2,3,false,false
progress-aware-quorum-delay,25,13,12,86,120,0.2,100,321,2,1,2,3,false,false
progress-aware-quorum-delay,25,13,12,87,120,0.2,100,321,2,1,2,3,false,false
progress-aware-quorum-delay,25,13,12,88,120,0.2,100,321,2,1,2,3,false,false
progress-aware-quorum-delay,25,13,12,89,120,0.2,100,321,2,1,2,3,false,false
progress-aware-quorum-delay,25,13,12,90,120,0.2,100,321,2,1,2,3,false,false
progress-aware-quorum-delay,25,13,12,91,120,0.2,100,321,2,1,2,3,false,false
progress-aware-quorum-delay,25,13,12,92,120,0.2,100,321,2,1,2,3,false,false
progress-aware-quorum-delay,25,13,12,93,120,0.2,100,321,2,1,2,3,false,false
progress-aware-quorum-delay,25,13,12,94,120,0.2,100,321,2,1,2,3,false,false
progress-aware-quorum-delay,25,13,12,95,120,0.2,100,321,2,1,2,3,false,false
progress-aware-quorum-delay,25,13,12,96,120,0.2,100,321,2,1,2,3,false,false
progress-aware-quorum-delay,25,13,12,97,120,0.2,100,321,2,1,2,3,false,false
progress-aware-quorum-delay,25,13,12,98,120,0.2,100,321,2,1,2,3,false,false
progress-aware-quorum-delay,25,13,12,99,120,0.2,100,321,2,1,2,3,false,false
progress-aware-quorum-delay,25,13,12,100,120,0.2,100,321,2,1,2,3,false,false
progress-aware-quorum-delay,25,13,12,101,120,0.2,100,321,2,1,2,3,false,false
progress-aware-quorum-delay,25,13,12,102,120,0.2,100,321,2,1,2,3,false,false
progress-aware-quorum-delay,25,13,12,103,120,0.2,100,321,2,1,2,3,false,false
progress-aware-quorum-delay,25,13,12,104,120,0.2,100,321,2,1,2,3,false,false
progress-aware-quorum-delay,25,13,12,105,120,0.2,100,321,2,1,2,3,false,false
progress-aware-quorum-delay,25,13,12,106,120,0.2,100,321,2,1,2,3,false,false
progress-aware-quorum-delay,25,13,12,107,120,0.2,100,321,2,1,2,3,false,false
progress-aware-quorum-delay,25,13,12,108,120,0.2,100,321,2,1,2,3,false,false
progress-aware-quorum-delay,25,13,12,109,120,0.2,100,321,2,1,2,3,false,false
progress-aware-quorum-delay,25,13,12,110,120,0.2,100,321,2,1,2,3,false,false
progress-aware-quorum-delay,25,13,12,111,120,0.2,100,321,2,1,2,3,false,false
progress-aware-quorum-delay,25,13,12,112,120,0.2,100,321,2,1,2,3,false,false
progress-aware-quorum-delay,25,13,12,113,120,0.2,100,321,2,1,2,3,false,false
progress-aware-quorum-delay,25,13,12,114,120,0.2,100,321,2,1,2,3,false,false
progress-aware-quorum-delay,25,13,12,115,120,0.2,100,321,2,1,2,3,false,false
progress-aware-quorum-delay,25,13,12,116,120,0.2,100,321,2,1,2,3,false,false
progress-aware-quorum-delay,25,13,12,117,120,0.2,100,321,2,1,2,3,false,false
progress-aware-quorum-delay,25,13,12,118,120,0.2,100,321,2,1,2,3,false,false
progress-aware-quorum-delay,25,13,12,119,120,0.2,100,321,2,1,2,3,false,false
progress-aware-quorum-delay,25,13,12,120,120,0.2,100,321,2,1,2,3,false,false
progress-aware-quorum-delay,25,13,12,121,120,0.2,100,321,2,1,2,3,false,false
progress-aware-quorum-delay,25,13,12,122,120,0.2,100,321,2,1,2,3,false,false
progress-aware-quorum-delay,25,13,12,123,120,0.2,100,321,2,1,2,3,false,false
progress-aware-quorum-delay,25,13,12,124,120,0.2,100,321,2,1,2,3,false,false
progress-aware-quorum-delay,25,13,12,125,120,0.2,100,321,2,1,2,3,false,false
progress-aware-quorum-delay,25,13,12,126,120,0.2,100,321,2,1,2,3,false,false
progress-aware-quorum-delay,25,13,12,127,120,0.2,100,321,2,1,2,3,false,false
progress-aware-quorum-delay,25,13,12,128,120,0.2,100,321,2,1,2,3,false,false
progress-aware-quorum-delay,25,13,12,129,120,0.2,100,321,2,1,2,3,false,false
progress-aware-quorum-delay,25,13,12,130,120,0.2,100,321,2,1,2,3,false,false
progress-aware-quorum-delay,25,13,12,131,120,0.2,100,321,2,1,2,3,false,false
progress-aware-quorum-delay,25,13,12,132,120,0.2,100,321,2,1,2,3,false,false
progress-aware-quorum-delay,25,13,12,133,120,0.2,100,321,2,1,2,3,false,false
progress-aware-quorum-delay,25,13,12,134,120,0.2,100,321,2,1,2,3,false,false
progress-aware-quorum-delay,25,13,12,135,120,0.2,100,321,2,1,2,3,false,false
progress-aware-quorum-delay,25,13,12,136,120,0.2,100,321,2,1,2,3,false,false
progress-aware-quorum-delay,25,13,12,137,120,0.2,100,321,2,1,2,3,false,false
progress-aware-quorum-delay,25,13,12,138,120,0.2,100,321,2,1,2,3,false,false
progress-aware-quorum-delay,25,13,12,139,120,0.2,100,321,2,1,2,3,false,false
progress-aware-quorum-delay,25,13,12,140,120,0.2,100,321,2,1,2,3,false,false
progress-aware-quorum-delay,25,13,12,141,120,0.2,100,321,2,1,2,3,false,false
progress-aware-quorum-delay,25,13,12,142,120,0.2,100,321,2,1,2,3,false,false
progress-aware-quorum-delay,25,13,12,143,120,0.2,100,321,2,1,2,3,false,false
progress-aware-quorum-delay,25,13,12,144,120,0.2,100,321,2,1,2,3,false,false
progress-aware-quorum-delay,25,13,12,145,120,0.2,100,321,2,1,2,3,false,false
progress-aware-quorum-delay,25,13,12,146,120,0.2,100,321,2,1,2,3,false,false
progress-aware-quorum-delay,25,13,12,147,120,0.2,100,321,2,1,2,3,false,false
progress-aware-quorum-delay,25,13,12,148,120,0.2,100,321,2,1,2,3,false,false
progress-aware-quorum-delay,25,13,12,149,120,0.2,100,321,2,1,2,3,false,false
progress-aware-quorum-delay,25,13,12,150,120,0.2,100,321,2,1,2,3,false,false
progress-aware-quorum-delay,25,13,12,151,120,0.2,100,321,2,1,2,3,false,false
progress-aware-quorum-delay,25,13,12,152,120,0.2,100,321,2,1,2,3,false,false
progress-aware-quorum-delay,25,13,12,153,120,0.2,100,321,2,1,2,3,false,false
progress-aware-quorum-delay,25,13,12,154,120,0.2,100,321,2,1,2,3,false,false
progress-aware-quorum-delay,25,13,12,155,120,0.2,100,321,2,1,2,3,false,false
progress-aware-quorum-delay,25,13,12,156,120,0.2,100,321,2,1,2,3,false,false
progress-aware-quorum-delay,25,13,12,157,120,0.2,100,321,2,1,2,3,false,false
progress-aware-quorum-delay,25,13,12,158,120,0.2,100,321,2,1,2,3,false,false
progress-aware-quorum-delay,25,13,12,159,120,0.2,100,321,2,1,2,3,false,false
progress-aware-quorum-delay,25,13,12,160,120,0.2,100,321,2,1,2,3,false,false
progress-aware-quorum-delay,25,13,12,161,120,0.2,100,321,2,1,2,3,false,false
progress-aware-quorum-delay,25,13,12,162,120,0.2,100,321,2,1,2,3,false,false
progress-aware-quorum-delay,25,13,12,163,120,0.2,100,321,2,1,2,3,false,false
progress-aware-quorum-delay,25,13,12,164,120,0.2,100,321,2,1,2,3,false,false
progress-aware-quorum-delay,25,13,12,165,120,0.2,100,321,2,1,2,3,false,false
progress-aware-quorum-delay,25,13,12,166,120,0.2,100,321,2,1,2,3,false,false
progress-aware-quorum-delay,25,13,12,167,120,0.2,100,321,2,1,2,3,false,false
progress-aware-quorum-delay,25,13,12,168,120,0.2,100,321,2,1,2,3,false,false
progress-aware-quorum-delay,25,13,12,169,120,0.2,100,321,2,1,2,3,false,false
progress-aware-quorum-delay,25,13,12,170,120,0.2,100,321,2,1,2,3,false,false
progress-aware-quorum-delay,25,13,12,171,120,0.2,100,321,2,1,2,3,false,false
progress-aware-quorum-delay,25,13,12,172,120,0.2,100,321,2,1,2,3,false,false
progress-aware-quorum-delay,25,13,12,173,120,0.2,100,321,2,1,2,3,false,false
progress-aware-quorum-delay,25,13,12,174,120,0.2,100,321,2,1,2,3,false,false
progress-aware-quorum-delay,25,13,12,175,120,0.2,100,321,2,1,2,3,false,false
progress-aware-quorum-delay,25,13,12,176,120,0.2,100,321,2,1,2,3,false,false
progress-aware-quorum-delay,25,13,12,177,120,0.2,100,321,2,1,2,3,false,false
progress-aware-quorum-delay,25,13,12,178,120,0.2,100,321,2,1,2,3,false,false
progress-aware-quorum-delay,25,13,12,179,120,0.2,100,321,2,1,2,3,false,false
progress-aware-quorum-delay,25,13,12,180,120,0.2,100,321,2,1,2,3,false,false
progress-aware-quorum-delay,25,13,12,181,120,0.2,100,321,2,1,2,3,false,false
progress-aware-quorum-delay,25,13,12,182,120,0.2,100,321,2,1,2,3,false,false
progress-aware-quorum-delay,25,13,12,183,120,0.2,100,321,2,1,2,3,false,false
progress-aware-quorum-delay,25,13,12,184,120,0.2,100,321,2,1,2,3,false,false
progress-aware-quorum-delay,25,13,12,185,120,0.2,100,321,2,1,2,3,false,false
progress-aware-quorum-delay,25,13,12,186,120,0.2,100,321,2,1,2,3,false,false
progress-aware-quorum-delay,25,13,12,187,120,0.2,100,321,2,1,2,3,false,false
progress-aware-quorum-delay,25,13,12,188,120,0.2,100,321,2,1,2,3,false,false
progress-aware-quorum-delay,25,13,12,189,120,0.2,100,321,2,1,2,3,false,false
progress-aware-quorum-delay,25,13,12,190,120,0.2,100,321,2,1,2,3,false,false
progress-aware-quorum-delay,25,13,12,191,120,0.2,100,321,2,1,2,3,false,false
progress-aware-quorum-delay,25,13,12,192,120,0.2,100,321,2,1,2,3,false,false
progress-aware-quorum-delay,25,13,12,193,120,0.2,100,321,2,1,2,3,false,false
progress-aware-quorum-delay,25,13,12,194,120,0.2,100,321,2,1,2,3,false,false
progress-aware-quorum-delay,25,13,12,195,120,0.2,100,321,2,1,2,3,false,false
progress-aware-quorum-delay,25,13,12,196,120,0.2,100,321,2,1,2,3,false,false
progress-aware-quorum-delay,25,13,12,197,120,0.2,100,321,2,1,2,3,false,false
progress-aware-quorum-delay,25,13,12,198,120,0.2,100,321,2,1,2,3,false,false
progress-aware-quorum-delay,25,13,12,199,120,0.2,100,321,2,1,2,3,false,false
progress-aware-quorum-delay,25,13,12,200,120,0.2,100,321,2,1,2,3,false,false
